Data,Hora,Curva Brusca,Créditos,Zigue Zague,Aceleração Anômala
2024/12/13,17:28:49,false.,10,,
2024/12/13,17:28:54,false.,20,,
2024/12/13,17:28:58,false.,30,,
2024/12/13,17:29:02,false.,40,,
2024/12/13,17:29:06,false.,50,,
2024/12/13,17:29:11,false.,60,,
2024/12/13,17:29:15,false.,70,,
2024/12/13,17:29:19,false.,80,,
2024/12/13,17:29:24,false.,90,,
2024/12/13,17:29:28,false.,100,,
2024/12/13,17:29:32,false.,80,true,false
2024/12/13,17:29:36,false.,90,,
2024/12/13,17:29:41,false.,100,,
2024/12/13,17:29:45,false.,110,,
2024/12/13,17:29:50,false.,120,,
2024/12/13,17:29:55,false.,130,,
2024/12/13,17:29:59,false.,140,,
2024/12/13,17:30:03,false.,150,,
2024/12/13,17:30:08,false.,160,,
2024/12/13,17:30:12,false.,170,,
2024/12/13,17:30:17,false.,200,false,false
2024/12/13,17:30:21,false.,210,,
2024/12/13,17:30:25,false.,220,,
2024/12/13,17:30:29,false.,230,,
2024/12/13,17:30:34,true.,200,,
2024/12/13,17:30:38,false.,210,,
2024/12/13,17:30:43,false.,220,,
2024/12/13,17:30:47,true.,190,,
2024/12/13,17:30:51,false.,200,,
2024/12/13,17:30:55,false.,210,,
2024/12/13,17:31:00,false.,190,true,false
2024/12/13,17:31:04,false.,200,,
2024/12/13,17:31:08,false.,210,,
2024/12/13,17:31:12,false.,220,,
2024/12/13,17:31:16,false.,230,,
2024/12/13,17:31:21,false.,240,,
2024/12/13,17:31:25,false.,250,,
2024/12/13,17:31:29,false.,260,,
2024/12/13,17:31:33,false.,270,,
2024/12/13,17:31:38,false.,280,,
2024/12/13,17:31:42,false.,310,false,false
2024/12/13,17:31:46,false.,320,,
2024/12/13,17:31:51,false.,330,,
2024/12/13,17:31:55,false.,340,,
2024/12/13,17:32:00,true.,310,,
2024/12/13,17:32:04,false.,320,,
2024/12/13,17:32:08,false.,330,,
2024/12/13,17:32:13,false.,340,,
2024/12/13,17:32:17,false.,350,,
2024/12/13,17:32:21,false.,360,,
2024/12/13,17:32:25,true.,300,true,false
2024/12/13,17:32:30,false.,310,,
2024/12/13,17:32:34,false.,320,,
2024/12/13,17:32:38,false.,330,,
2024/12/13,17:32:43,false.,340,,
2024/12/13,17:32:48,false.,350,,
2024/12/13,17:32:52,false.,360,,
2024/12/13,17:32:56,false.,370,,
2024/12/13,17:33:01,false.,380,,
2024/12/13,17:33:05,false.,390,,
2024/12/13,17:33:09,false.,370,true,false
2024/12/13,17:33:14,false.,380,,
2024/12/13,17:33:18,false.,390,,
2024/12/13,17:33:22,false.,400,,
2024/12/13,17:33:27,false.,410,,
2024/12/13,17:33:31,false.,420,,
2024/12/13,17:33:36,false.,430,,
2024/12/13,17:33:40,false.,440,,
2024/12/13,17:33:44,false.,450,,
2024/12/13,17:33:48,false.,460,,
2024/12/13,17:33:53,false.,440,true,false
2024/12/13,17:33:57,false.,450,,
2024/12/13,17:34:01,false.,460,,
2024/12/13,17:34:05,false.,470,,
2024/12/13,17:34:10,false.,480,,
2024/12/13,17:34:14,false.,490,,
2024/12/13,17:34:18,false.,500,,
2024/12/13,17:34:22,true.,470,,
2024/12/13,17:34:27,false.,480,,
2024/12/13,17:34:32,false.,490,,
2024/12/13,17:34:37,false.,470,true,false
2024/12/13,17:34:41,false.,480,,
2024/12/13,17:34:46,false.,490,,
2024/12/13,17:34:50,true.,460,,
2024/12/13,17:34:55,false.,470,,
2024/12/13,17:34:59,false.,480,,
2024/12/13,17:35:03,false.,490,,
2024/12/13,17:35:08,false.,500,,
2024/12/13,17:35:12,false.,510,,
2024/12/13,17:35:16,false.,520,,
2024/12/13,17:35:20,false.,500,true,false
2024/12/13,17:35:25,false.,510,,
2024/12/13,17:35:29,false.,520,,
2024/12/13,17:35:34,false.,530,,
2024/12/13,17:35:38,false.,540,,
2024/12/13,17:35:42,false.,550,,
2024/12/13,17:35:46,false.,560,,
2024/12/13,17:35:50,false.,570,,
2024/12/13,17:35:55,false.,580,,
2024/12/13,17:35:59,false.,590,,
2024/12/13,17:36:03,false.,570,true,false
2024/12/13,17:36:07,false.,580,,
2024/12/13,17:36:12,false.,590,,
2024/12/13,17:36:16,false.,600,,
2024/12/13,17:36:20,false.,610,,
2024/12/13,17:36:25,false.,620,,
2024/12/13,17:36:29,true.,590,,
2024/12/13,17:36:33,false.,600,,
2024/12/13,17:36:38,false.,610,,
2024/12/13,17:36:42,false.,620,,
2024/12/13,17:36:47,false.,600,true,false
2024/12/13,17:36:51,false.,610,,
2024/12/13,17:36:55,false.,620,,
2024/12/13,17:37:00,false.,630,,
2024/12/13,17:37:04,false.,640,,
2024/12/13,17:37:08,false.,650,,
2024/12/13,17:37:13,false.,660,,
2024/12/13,17:37:17,false.,670,,
2024/12/13,17:37:22,false.,680,,
2024/12/13,17:37:26,false.,690,,
2024/12/13,17:37:31,false.,670,true,false
2024/12/13,17:37:35,false.,680,,
2024/12/13,17:37:40,false.,690,,
2024/12/13,17:37:45,false.,700,,
2024/12/13,17:37:49,false.,710,,
2024/12/13,17:37:54,false.,720,,
2024/12/13,17:37:59,false.,730,,
2024/12/13,17:38:03,true.,700,,
2024/12/13,17:38:07,false.,710,,
2024/12/13,17:38:12,false.,720,,
2024/12/13,17:38:16,false.,750,false,false
2024/12/13,17:38:20,false.,760,,
2024/12/13,17:38:24,false.,770,,
2024/12/13,17:38:29,false.,780,,
2024/12/13,17:38:33,false.,790,,
2024/12/13,17:38:37,false.,800,,
2024/12/13,17:38:42,false.,810,,
2024/12/13,17:38:46,false.,820,,
2024/12/13,17:38:50,false.,830,,
2024/12/13,17:38:55,false.,840,,
2024/12/13,17:38:59,false.,820,true,false
2024/12/13,17:39:04,false.,830,,
2024/12/13,17:39:08,false.,840,,
2024/12/13,17:39:12,false.,850,,
2024/12/13,17:39:17,false.,860,,
2024/12/13,17:39:21,false.,870,,
2024/12/13,17:39:25,false.,880,,
2024/12/13,17:39:30,false.,890,,
2024/12/13,17:39:35,false.,900,,
2024/12/13,17:39:39,false.,910,,
2024/12/13,17:39:43,false.,890,true,false
2024/12/13,17:39:47,false.,900,,
2024/12/13,17:39:52,false.,910,,
2024/12/13,17:39:56,false.,920,,
2024/12/13,17:40:00,false.,930,,
2024/12/13,17:40:04,false.,940,,
2024/12/13,17:40:09,false.,950,,
2024/12/13,17:40:13,false.,960,,
2024/12/13,17:40:17,false.,970,,
2024/12/13,17:40:21,false.,980,,
2024/12/13,17:40:26,false.,960,true,false
2024/12/13,17:40:30,false.,970,,
2024/12/13,17:40:34,false.,980,,
2024/12/13,17:40:39,false.,990,,
2024/12/13,17:40:43,false.,1000,,
2024/12/13,17:40:47,false.,1010,,
2024/12/13,17:40:52,false.,1020,,
2024/12/13,17:40:56,false.,1030,,
2024/12/13,17:41:00,false.,1040,,
2024/12/13,17:41:04,false.,1050,,
2024/12/13,17:41:09,false.,970,true,true
2024/12/13,17:41:13,false.,980,,
2024/12/13,17:41:17,false.,990,,
2024/12/13,17:41:21,false.,1000,,
2024/12/13,17:41:26,false.,1010,,
2024/12/13,17:41:30,false.,1020,,
2024/12/13,17:41:34,false.,1030,,
2024/12/13,17:41:38,false.,1040,,
2024/12/13,17:41:43,false.,1050,,
2024/12/13,17:41:47,false.,1060,,
2024/12/13,17:41:51,false.,1040,true,false
2024/12/13,17:41:55,false.,1050,,
2024/12/13,17:42:00,false.,1060,,
2024/12/13,17:42:04,false.,1070,,
2024/12/13,17:42:08,false.,1080,,
2024/12/13,17:42:13,false.,1090,,
2024/12/13,17:42:17,false.,1100,,
2024/12/13,17:42:21,false.,1110,,
2024/12/13,17:42:25,true.,1080,,
2024/12/13,17:42:30,false.,1090,,
2024/12/13,17:42:34,false.,1120,false,false
2024/12/13,17:42:38,false.,1130,,
2024/12/13,17:42:43,false.,1140,,
2024/12/13,17:42:47,false.,1150,,
2024/12/13,17:42:51,false.,1160,,
2024/12/13,17:42:55,true.,1130,,
2024/12/13,17:42:59,false.,1140,,
2024/12/13,17:43:03,false.,1150,,
2024/12/13,17:43:08,false.,1160,,
2024/12/13,17:43:12,false.,1170,,
2024/12/13,17:43:16,false.,1150,true,false
2024/12/13,17:43:20,false.,1160,,
2024/12/13,17:43:24,false.,1170,,
2024/12/13,17:43:28,false.,1180,,
2024/12/13,17:43:33,false.,1190,,
2024/12/13,17:43:37,false.,1200,,
2024/12/13,17:43:42,false.,1210,,
2024/12/13,17:43:46,false.,1220,,
2024/12/13,17:43:50,false.,1230,,
2024/12/13,17:43:54,false.,1240,,
2024/12/13,17:43:58,false.,1270,false,false
2024/12/13,17:44:03,false.,1280,,
2024/12/13,17:44:07,false.,1290,,
2024/12/13,17:44:11,false.,1300,,
2024/12/13,17:44:15,false.,1310,,
2024/12/13,17:44:19,false.,1320,,
2024/12/13,17:44:23,false.,1330,,
2024/12/13,17:44:27,false.,1340,,
2024/12/13,17:44:32,false.,1350,,
2024/12/13,17:44:36,false.,1360,,
2024/12/13,17:44:40,false.,1340,true,false
2024/12/13,17:44:45,false.,1350,,
2024/12/13,17:44:49,true.,1320,,
2024/12/13,17:44:53,false.,1330,,
2024/12/13,17:44:57,false.,1340,,
2024/12/13,17:45:01,true.,1310,,
2024/12/13,17:45:05,false.,1320,,
2024/12/13,17:45:09,false.,1330,,
2024/12/13,17:45:14,false.,1340,,
2024/12/13,17:45:18,false.,1350,,
2024/12/13,17:45:22,false.,1330,true,false
2024/12/13,17:45:27,false.,1340,,
2024/12/13,17:45:31,false.,1350,,
2024/12/13,17:45:35,false.,1360,,
2024/12/13,17:45:39,false.,1370,,
2024/12/13,17:45:43,false.,1380,,
2024/12/13,17:45:47,false.,1390,,
2024/12/13,17:45:52,false.,1400,,
2024/12/13,17:45:56,false.,1410,,
2024/12/13,17:46:00,false.,1420,,
2024/12/13,17:46:04,false.,1400,true,false
2024/12/13,17:46:09,false.,1410,,
2024/12/13,17:46:13,false.,1420,,
2024/12/13,17:46:17,false.,1430,,
2024/12/13,17:46:21,false.,1440,,
2024/12/13,17:46:25,false.,1450,,
2024/12/13,17:46:30,false.,1460,,
2024/12/13,17:46:34,false.,1470,,
2024/12/13,17:46:38,false.,1480,,
2024/12/13,17:46:42,false.,1490,,
2024/12/13,17:46:46,false.,1470,true,false
2024/12/13,17:46:50,false.,1480,,
2024/12/13,17:46:54,false.,1490,,
2024/12/13,17:46:59,false.,1500,,
2024/12/13,17:47:03,false.,1510,,
2024/12/13,17:47:07,false.,1520,,
2024/12/13,17:47:12,false.,1530,,
2024/12/13,17:47:16,false.,1540,,
2024/12/13,17:47:20,false.,1550,,
2024/12/13,17:47:24,false.,1560,,
2024/12/13,17:47:28,false.,1540,true,false
2024/12/13,17:47:32,false.,1550,,
2024/12/13,17:47:37,false.,1560,,
2024/12/13,17:47:41,false.,1570,,
2024/12/13,17:47:46,false.,1580,,
2024/12/13,17:47:50,false.,1590,,
2024/12/13,17:47:54,false.,1600,,
2024/12/13,17:47:58,false.,1610,,
2024/12/13,17:48:03,true.,1580,,
2024/12/13,17:48:07,false.,1590,,
2024/12/13,17:48:11,false.,1570,true,false
2024/12/13,17:48:15,true.,1540,,
2024/12/13,17:48:19,false.,1550,,
2024/12/13,17:48:23,false.,1560,,
2024/12/13,17:48:28,false.,1570,,
2024/12/13,17:48:32,false.,1580,,
2024/12/13,17:48:36,false.,1590,,
2024/12/13,17:48:40,false.,1600,,
2024/12/13,17:48:44,false.,1610,,
2024/12/13,17:48:48,false.,1620,,
2024/12/13,17:48:52,false.,1600,true,false
2024/12/13,17:48:57,true.,1570,,
2024/12/13,17:49:01,false.,1580,,
2024/12/13,17:49:05,false.,1590,,
2024/12/13,17:49:09,false.,1600,,
2024/12/13,17:49:13,false.,1610,,
2024/12/13,17:49:17,false.,1620,,
2024/12/13,17:49:22,true.,1590,,
2024/12/13,17:49:26,false.,1600,,
2024/12/13,17:49:30,false.,1610,,
2024/12/13,17:49:34,false.,1590,true,false
2024/12/13,17:49:38,false.,1600,,
2024/12/13,17:49:42,false.,1610,,
2024/12/13,17:49:47,false.,1620,,
2024/12/13,17:49:51,false.,1630,,
2024/12/13,17:49:55,true.,1600,,
2024/12/13,17:49:59,false.,1610,,
2024/12/13,17:50:03,false.,1620,,
2024/12/13,17:50:07,false.,1630,,
2024/12/13,17:50:11,false.,1640,,
2024/12/13,17:50:16,false.,1620,true,false
2024/12/13,17:50:20,false.,1630,,
2024/12/13,17:50:24,false.,1640,,
2024/12/13,17:50:28,false.,1650,,
2024/12/13,17:50:32,false.,1660,,
2024/12/13,17:50:36,false.,1670,,
2024/12/13,17:50:40,true.,1640,,
2024/12/13,17:50:45,false.,1650,,
2024/12/13,17:50:49,false.,1660,,
2024/12/13,17:50:53,true.,1630,,
2024/12/13,17:50:57,false.,1610,true,false
2024/12/13,17:51:01,false.,1620,,
2024/12/13,17:51:06,false.,1630,,
2024/12/13,17:51:10,false.,1640,,
2024/12/13,17:51:14,false.,1650,,
2024/12/13,17:51:18,false.,1660,,
2024/12/13,17:51:22,false.,1670,,
2024/12/13,17:51:26,false.,1680,,
2024/12/13,17:51:31,false.,1690,,
2024/12/13,17:51:35,false.,1700,,
2024/12/13,17:51:39,true.,1640,true,false
2024/12/13,17:51:43,false.,1650,,
2024/12/13,17:51:47,false.,1660,,
2024/12/13,17:51:51,false.,1670,,
2024/12/13,17:51:55,false.,1680,,
2024/12/13,17:52:00,false.,1690,,
2024/12/13,17:52:04,false.,1700,,
2024/12/13,17:52:08,false.,1710,,
2024/12/13,17:52:12,false.,1720,,
2024/12/13,17:52:16,false.,1730,,
2024/12/13,17:52:20,false.,1710,true,false
2024/12/13,17:52:24,false.,1720,,
2024/12/13,17:52:28,false.,1730,,
2024/12/13,17:52:33,false.,1740,,
2024/12/13,17:52:37,false.,1750,,
2024/12/13,17:52:41,false.,1760,,
2024/12/13,17:52:45,false.,1770,,
2024/12/13,17:52:49,false.,1780,,
2024/12/13,17:52:53,false.,1790,,
2024/12/13,17:52:57,false.,1800,,
2024/12/13,17:53:02,false.,1780,true,false
2024/12/13,17:53:06,false.,1790,,
2024/12/13,17:53:10,false.,1800,,
2024/12/13,17:53:14,false.,1810,,
2024/12/13,17:53:19,false.,1820,,
2024/12/13,17:53:23,false.,1830,,
2024/12/13,17:53:27,false.,1840,,
2024/12/13,17:53:31,false.,1850,,
2024/12/13,17:53:35,false.,1860,,
2024/12/13,17:53:39,false.,1870,,
2024/12/13,17:53:43,true.,1810,true,false
2024/12/13,17:53:48,false.,1820,,
2024/12/13,17:53:52,false.,1830,,
2024/12/13,17:53:56,false.,1840,,
2024/12/13,17:54:00,false.,1850,,
2024/12/13,17:54:05,false.,1860,,
2024/12/13,17:54:09,false.,1870,,
2024/12/13,17:54:13,false.,1880,,
2024/12/13,17:54:17,false.,1890,,
2024/12/13,17:54:21,false.,1900,,
2024/12/13,17:54:25,false.,1930,false,false
2024/12/13,17:54:29,false.,1940,,
2024/12/13,17:54:34,true.,1910,,
2024/12/13,17:54:38,false.,1920,,
2024/12/13,17:54:42,true.,1890,,
2024/12/13,17:54:46,false.,1900,,
2024/12/13,17:54:50,false.,1910,,
2024/12/13,17:54:55,false.,1920,,
2024/12/13,17:54:59,false.,1930,,
2024/12/13,17:55:03,false.,1940,,
2024/12/13,17:55:07,false.,1920,true,false
2024/12/13,17:55:11,false.,1930,,
2024/12/13,17:55:15,false.,1940,,
2024/12/13,17:55:19,false.,1950,,
2024/12/13,17:55:24,false.,1960,,
2024/12/13,17:55:28,false.,1970,,
2024/12/13,17:55:32,false.,1980,,
2024/12/13,17:55:36,false.,1990,,
2024/12/13,17:55:40,false.,2000,,
2024/12/13,17:55:45,false.,2010,,
2024/12/13,17:55:49,false.,1990,true,false
2024/12/13,17:55:53,false.,2000,,
2024/12/13,17:55:57,false.,2010,,
2024/12/13,17:56:01,false.,2020,,
2024/12/13,17:56:05,true.,1990,,
2024/12/13,17:56:09,false.,2000,,
2024/12/13,17:56:14,false.,2010,,
2024/12/13,17:56:18,false.,2020,,
2024/12/13,17:56:22,false.,2030,,
2024/12/13,17:56:26,false.,2040,,
2024/12/13,17:56:30,false.,2020,true,false
2024/12/13,17:56:34,false.,2030,,
2024/12/13,17:56:38,false.,2040,,
2024/12/13,17:56:43,false.,2050,,
2024/12/13,17:56:47,false.,2060,,
2024/12/13,17:56:52,false.,2070,,
2024/12/13,17:56:56,false.,2080,,
2024/12/13,17:57:00,false.,2090,,
2024/12/13,17:57:04,false.,2100,,
2024/12/13,17:57:08,false.,2110,,
2024/12/13,17:57:12,false.,2090,true,false
2024/12/13,17:57:17,false.,2100,,
2024/12/13,17:57:21,false.,2110,,
2024/12/13,17:57:25,false.,2120,,
2024/12/13,17:57:29,false.,2130,,
2024/12/13,17:57:33,false.,2140,,
2024/12/13,17:57:37,false.,2150,,
2024/12/13,17:57:41,false.,2160,,
2024/12/13,17:57:45,false.,2170,,
2024/12/13,17:57:50,false.,2180,,
2024/12/13,17:57:54,false.,2160,true,false
2024/12/13,17:57:58,false.,2170,,
2024/12/13,17:58:02,false.,2180,,
2024/12/13,17:58:06,false.,2190,,
2024/12/13,17:58:10,true.,2160,,
2024/12/13,17:58:15,false.,2170,,
2024/12/13,17:58:19,false.,2180,,
2024/12/13,17:58:23,false.,2190,,
2024/12/13,17:58:27,false.,2200,,
2024/12/13,17:58:32,false.,2210,,
2024/12/13,17:58:36,false.,2190,true,false
2024/12/13,17:58:40,false.,2200,,
2024/12/13,17:58:44,false.,2210,,
2024/12/13,17:58:49,false.,2220,,
2024/12/13,17:58:53,false.,2230,,
2024/12/13,17:58:58,false.,2240,,
2024/12/13,17:59:02,false.,2250,,
2024/12/13,17:59:06,false.,2260,,
2024/12/13,17:59:10,false.,2270,,
2024/12/13,17:59:14,false.,2280,,
2024/12/13,17:59:18,false.,2260,true,false
2024/12/13,17:59:23,false.,2270,,
2024/12/13,17:59:27,true.,2240,,
2024/12/13,17:59:31,false.,2250,,
2024/12/13,17:59:35,true.,2220,,
2024/12/13,17:59:39,false.,2230,,
2024/12/13,17:59:43,false.,2240,,
2024/12/13,17:59:48,true.,2210,,
2024/12/13,17:59:52,false.,2220,,
2024/12/13,17:59:56,false.,2230,,
2024/12/13,18:00:00,false.,2210,true,false
2024/12/13,18:00:04,false.,2220,,
2024/12/13,18:00:08,false.,2230,,
2024/12/13,18:00:12,true.,2200,,
2024/12/13,18:00:17,false.,2210,,
2024/12/13,18:00:21,false.,2220,,
2024/12/13,18:00:25,false.,2230,,
2024/12/13,18:00:29,false.,2240,,
2024/12/13,18:00:33,false.,2250,,
2024/12/13,18:00:38,false.,2260,,
2024/12/13,18:00:42,true.,2200,true,false
2024/12/13,18:00:46,false.,2210,,
2024/12/13,18:00:50,false.,2220,,
2024/12/13,18:00:55,false.,2230,,
2024/12/13,18:00:59,false.,2240,,
2024/12/13,18:01:03,false.,2250,,
2024/12/13,18:01:08,false.,2260,,
2024/12/13,18:01:12,false.,2270,,
2024/12/13,18:01:17,false.,2280,,
2024/12/13,18:01:22,true.,2250,,
2024/12/13,18:01:26,false.,2230,true,false
2024/12/13,18:01:31,false.,2240,,
2024/12/13,18:01:35,false.,2250,,
2024/12/13,18:01:39,false.,2260,,
2024/12/13,18:01:44,false.,2270,,
2024/12/13,18:01:49,true.,2240,,
2024/12/13,18:01:53,false.,2250,,
2024/12/13,18:01:58,false.,2260,,
2024/12/13,18:02:04,false.,2270,,
2024/12/13,18:02:08,false.,2280,,
2024/12/13,18:02:12,false.,2260,true,false
2024/12/13,18:02:16,false.,2270,,
2024/12/13,18:02:21,false.,2280,,
2024/12/13,18:02:25,false.,2290,,
2024/12/13,18:02:30,false.,2300,,
2024/12/13,18:02:34,false.,2310,,
2024/12/13,18:02:38,false.,2320,,
2024/12/13,18:02:43,false.,2330,,
2024/12/13,18:02:48,false.,2340,,
2024/12/13,18:02:53,false.,2350,,
2024/12/13,18:02:57,false.,2330,true,false
2024/12/13,18:03:01,false.,2340,,
2024/12/13,18:03:06,false.,2350,,
2024/12/13,18:03:10,false.,2360,,
2024/12/13,18:03:15,false.,2370,,
2024/12/13,18:03:19,false.,2380,,
2024/12/13,18:03:23,false.,2390,,
2024/12/13,18:03:27,false.,2400,,
2024/12/13,18:03:32,false.,2410,,
2024/12/13,18:03:36,false.,2420,,
2024/12/13,18:03:40,false.,2400,true,false
2024/12/13,18:03:45,true.,2370,,
2024/12/13,18:03:49,true.,2340,,
2024/12/13,18:03:54,false.,2350,,
2024/12/13,18:03:59,false.,2360,,
2024/12/13,18:04:03,true.,2330,,
2024/12/13,18:04:08,false.,2340,,
2024/12/13,18:04:12,false.,2350,,
2024/12/13,18:04:16,false.,2360,,
2024/12/13,18:04:21,false.,2370,,
2024/12/13,18:04:25,false.,2350,true,false
2024/12/13,18:04:29,false.,2360,,
2024/12/13,18:04:34,false.,2370,,
2024/12/13,18:04:38,false.,2380,,
2024/12/13,18:04:43,false.,2390,,
2024/12/13,18:04:48,false.,2400,,
2024/12/13,18:04:53,false.,2410,,
2024/12/13,18:04:57,false.,2420,,
2024/12/13,18:05:02,false.,2430,,
2024/12/13,18:05:06,false.,2440,,
2024/12/13,18:05:10,false.,2420,true,false
2024/12/13,18:05:15,false.,2430,,
2024/12/13,18:05:19,false.,2440,,
2024/12/13,18:05:23,false.,2450,,
2024/12/13,18:05:28,false.,2460,,
2024/12/13,18:05:32,false.,2470,,
2024/12/13,18:05:36,false.,2480,,
2024/12/13,18:05:40,false.,2490,,
2024/12/13,18:05:45,false.,2500,,
2024/12/13,18:05:49,false.,2510,,
2024/12/13,18:05:53,false.,2490,true,false
2024/12/13,18:05:58,true.,2460,,
2024/12/13,18:06:02,true.,2430,,
2024/12/13,18:06:07,true.,2400,,
2024/12/13,18:06:11,false.,2410,,
2024/12/13,18:06:15,false.,2420,,
2024/12/13,18:06:19,false.,2430,,
2024/12/13,18:06:24,false.,2440,,
2024/12/13,18:06:28,false.,2450,,
2024/12/13,18:06:32,false.,2460,,
2024/12/13,18:06:37,false.,2440,true,false
2024/12/13,18:06:42,false.,2450,,
2024/12/13,18:06:46,true.,2420,,
2024/12/13,18:06:51,false.,2430,,
2024/12/13,18:06:55,false.,2440,,
2024/12/13,18:07:00,false.,2450,,
2024/12/13,18:07:04,false.,2460,,
2024/12/13,18:07:09,true.,2430,,
2024/12/13,18:07:13,false.,2440,,
2024/12/13,18:07:19,false.,2450,,
2024/12/13,18:07:23,false.,2430,true,false
2024/12/13,18:07:28,false.,2440,,
2024/12/13,18:07:32,false.,2450,,
2024/12/13,18:07:36,false.,2460,,
2024/12/13,18:07:41,false.,2470,,
2024/12/13,18:07:45,false.,2480,,
2024/12/13,18:07:49,false.,2490,,
2024/12/13,18:07:54,false.,2500,,
2024/12/13,18:07:58,false.,2510,,
2024/12/13,18:08:02,false.,2520,,
2024/12/13,18:08:07,false.,2500,true,false
2024/12/13,18:08:11,false.,2510,,
2024/12/13,18:08:15,false.,2520,,
2024/12/13,18:08:19,false.,2530,,
2024/12/13,18:08:24,false.,2540,,
2024/12/13,18:08:28,false.,2550,,
2024/12/13,18:08:33,false.,2560,,
2024/12/13,18:08:37,false.,2570,,
2024/12/13,18:08:42,false.,2580,,
2024/12/13,18:08:46,true.,2550,,
2024/12/13,18:08:51,false.,2530,true,false
2024/12/13,18:08:55,false.,2540,,
2024/12/13,18:08:59,false.,2550,,
2024/12/13,18:09:04,false.,2560,,
2024/12/13,18:09:08,false.,2570,,
2024/12/13,18:09:12,false.,2580,,
2024/12/13,18:09:17,false.,2590,,
2024/12/13,18:09:21,true.,2560,,
2024/12/13,18:09:26,false.,2570,,
2024/12/13,18:09:30,false.,2580,,
2024/12/13,18:09:34,false.,2560,true,false
2024/12/13,18:09:39,false.,2570,,
2024/12/13,18:09:43,false.,2580,,
2024/12/13,18:09:47,false.,2590,,
2024/12/13,18:09:52,true.,2560,,
2024/12/13,18:09:56,false.,2570,,
2024/12/13,18:10:00,false.,2580,,
2024/12/13,18:10:05,false.,2590,,
2024/12/13,18:10:09,false.,2600,,
2024/12/13,18:10:13,false.,2610,,
2024/12/13,18:10:18,false.,2590,true,false
2024/12/13,18:10:22,false.,2600,,
2024/12/13,18:10:26,false.,2610,,
2024/12/13,18:10:31,false.,2620,,
2024/12/13,18:10:35,false.,2630,,
2024/12/13,18:10:40,false.,2640,,
2024/12/13,18:10:44,false.,2650,,
2024/12/13,18:10:48,false.,2660,,
2024/12/13,18:10:52,false.,2670,,
2024/12/13,18:10:57,false.,2680,,
2024/12/13,18:11:01,false.,2660,true,false
2024/12/13,18:11:05,false.,2670,,
2024/12/13,18:11:10,false.,2680,,
2024/12/13,18:11:14,false.,2690,,
2024/12/13,18:11:18,false.,2700,,
2024/12/13,18:11:23,false.,2710,,
2024/12/13,18:11:27,true.,2680,,
2024/12/13,18:11:32,false.,2690,,
2024/12/13,18:11:36,false.,2700,,
2024/12/13,18:11:40,false.,2710,,
2024/12/13,18:11:44,false.,2690,true,false
2024/12/13,18:11:49,false.,2700,,
2024/12/13,18:11:53,false.,2710,,
2024/12/13,18:11:57,false.,2720,,
2024/12/13,18:12:02,false.,2730,,
2024/12/13,18:12:06,false.,2740,,
2024/12/13,18:12:10,false.,2750,,
2024/12/13,18:12:15,false.,2760,,
2024/12/13,18:12:19,true.,2730,,
2024/12/13,18:12:24,true.,2700,,
2024/12/13,18:12:28,true.,2640,true,false
2024/12/13,18:12:32,true.,2610,,
2024/12/13,18:12:36,true.,2580,,
2024/12/13,18:12:41,false.,2590,,
2024/12/13,18:12:45,false.,2600,,
2024/12/13,18:12:50,false.,2610,,
2024/12/13,18:12:54,false.,2620,,
2024/12/13,18:12:59,false.,2630,,
2024/12/13,18:13:03,true.,2600,,
2024/12/13,18:13:08,true.,2570,,
2024/12/13,18:13:12,false.,2550,true,false
2024/12/13,18:13:16,false.,2560,,
2024/12/13,18:13:21,false.,2570,,
2024/12/13,18:13:26,false.,2580,,
2024/12/13,18:13:30,false.,2590,,
2024/12/13,18:13:35,false.,2600,,
2024/12/13,18:13:39,false.,2610,,
2024/12/13,18:13:44,false.,2620,,
2024/12/13,18:13:48,true.,2590,,
2024/12/13,18:13:52,false.,2600,,
2024/12/13,18:13:57,false.,2580,true,false
2024/12/13,18:14:01,false.,2590,,
2024/12/13,18:14:05,false.,2600,,
2024/12/13,18:14:10,false.,2610,,
2024/12/13,18:14:15,false.,2620,,
2024/12/13,18:14:19,false.,2630,,
2024/12/13,18:14:24,false.,2640,,
2024/12/13,18:14:28,false.,2650,,
2024/12/13,18:14:33,false.,2660,,
2024/12/13,18:14:37,false.,2670,,
2024/12/13,18:14:41,false.,2650,true,false
2024/12/13,18:14:46,false.,2660,,
2024/12/13,18:14:50,false.,2670,,
2024/12/13,18:14:55,true.,2640,,
2024/12/13,18:14:59,true.,2610,,
2024/12/13,18:15:03,true.,2580,,
2024/12/13,18:15:08,true.,2550,,
2024/12/13,18:15:12,true.,2520,,
2024/12/13,18:15:16,false.,2530,,
2024/12/13,18:15:21,false.,2540,,
2024/12/13,18:15:25,true.,2480,true,false
2024/12/13,18:15:29,false.,2490,,
2024/12/13,18:15:33,false.,2500,,
2024/12/13,18:15:38,false.,2510,,
2024/12/13,18:15:42,false.,2520,,
2024/12/13,18:15:47,false.,2530,,
2024/12/13,18:15:52,false.,2540,,
2024/12/13,18:15:57,false.,2550,,
2024/12/13,18:16:02,true.,2520,,
2024/12/13,18:16:06,false.,2530,,
2024/12/13,18:16:11,false.,2510,true,false
2024/12/13,18:16:15,true.,2480,,
2024/12/13,18:16:19,false.,2490,,
2024/12/13,18:16:24,false.,2500,,
2024/12/13,18:16:28,false.,2510,,
2024/12/13,18:16:32,false.,2520,,
2024/12/13,18:16:37,false.,2530,,
2024/12/13,18:16:42,false.,2540,,
2024/12/13,18:16:46,false.,2550,,
2024/12/13,18:16:51,false.,2560,,
2024/12/13,18:16:56,false.,2590,false,false
2024/12/13,18:17:01,false.,2600,,
2024/12/13,18:17:05,false.,2610,,
2024/12/13,18:17:10,false.,2620,,
2024/12/13,18:17:14,false.,2630,,
2024/12/13,18:17:18,false.,2640,,
2024/12/13,18:17:23,false.,2650,,
2024/12/13,18:17:27,false.,2660,,
2024/12/13,18:17:32,false.,2670,,
2024/12/13,18:17:37,false.,2680,,
2024/12/13,18:17:42,false.,2660,true,false
2024/12/13,18:17:46,false.,2670,,
2024/12/13,18:17:50,false.,2680,,
2024/12/13,18:17:54,true.,2650,,
2024/12/13,18:17:59,true.,2620,,
2024/12/13,18:18:04,false.,2630,,
2024/12/13,18:18:08,false.,2640,,
2024/12/13,18:18:13,false.,2650,,
2024/12/13,18:18:17,false.,2660,,
2024/12/13,18:18:21,false.,2670,,
2024/12/13,18:18:26,false.,2650,true,false
2024/12/13,18:18:30,false.,2660,,
2024/12/13,18:18:34,false.,2670,,
2024/12/13,18:18:39,true.,2640,,
2024/12/13,18:18:44,true.,2610,,
2024/12/13,18:18:48,true.,2580,,
2024/12/13,18:18:53,true.,2550,,
2024/12/13,18:18:57,true.,2520,,
2024/12/13,18:19:02,true.,2490,,
2024/12/13,18:19:06,true.,2460,,
2024/12/13,18:19:10,true.,2400,true,false
2024/12/13,18:19:15,false.,2410,,
2024/12/13,18:19:19,false.,2420,,
2024/12/13,18:19:26,true.,2390,,
2024/12/13,18:19:30,false.,2400,,
2024/12/13,18:19:35,false.,2410,,
2024/12/13,18:19:39,true.,2380,,
2024/12/13,18:19:44,false.,2390,,
2024/12/13,18:19:48,false.,2400,,
2024/12/13,18:19:53,false.,2410,,
2024/12/13,18:19:57,false.,2390,true,false
2024/12/13,18:20:01,false.,2400,,
2024/12/13,18:20:05,false.,2410,,
2024/12/13,18:20:10,false.,2420,,
2024/12/13,18:20:14,true.,2390,,
2024/12/13,18:20:18,true.,2360,,
2024/12/13,18:20:23,false.,2370,,
2024/12/13,18:20:27,false.,2380,,
2024/12/13,18:20:31,false.,2390,,
2024/12/13,18:20:35,false.,2400,,
2024/12/13,18:20:40,false.,2380,true,false
2024/12/13,18:20:44,false.,2390,,
2024/12/13,18:20:48,false.,2400,,
2024/12/13,18:20:53,false.,2410,,
2024/12/13,18:20:57,false.,2420,,
2024/12/13,18:21:02,false.,2430,,
2024/12/13,18:21:06,false.,2440,,
2024/12/13,18:21:10,false.,2450,,
2024/12/13,18:21:14,false.,2460,,
2024/12/13,18:21:19,false.,2470,,
2024/12/13,18:21:23,true.,2410,true,false
2024/12/13,18:21:28,true.,2380,,
2024/12/13,18:21:32,true.,2350,,
2024/12/13,18:21:37,true.,2320,,
2024/12/13,18:21:41,true.,2290,,
2024/12/13,18:21:46,true.,2260,,
2024/12/13,18:21:50,true.,2230,,
2024/12/13,18:21:54,true.,2200,,
2024/12/13,18:21:59,false.,2210,,
2024/12/13,18:22:03,false.,2220,,
2024/12/13,18:22:08,false.,2200,true,false
2024/12/13,18:22:12,true.,2170,,
2024/12/13,18:22:16,true.,2140,,
2024/12/13,18:22:20,false.,2150,,
2024/12/13,18:22:25,false.,2160,,
2024/12/13,18:22:29,false.,2170,,
2024/12/13,18:22:33,false.,2180,,
2024/12/13,18:22:38,false.,2190,,
2024/12/13,18:22:42,false.,2200,,
2024/12/13,18:22:46,false.,2210,,
2024/12/13,18:22:51,false.,2240,false,false
2024/12/13,18:22:55,false.,2250,,
2024/12/13,18:22:59,false.,2260,,
2024/12/13,18:23:03,false.,2270,,
2024/12/13,18:23:08,false.,2280,,
2024/12/13,18:23:12,false.,2290,,
2024/12/13,18:23:17,false.,2300,,
2024/12/13,18:23:21,false.,2310,,
2024/12/13,18:23:25,true.,2280,,
2024/12/13,18:23:30,true.,2250,,
2024/12/13,18:23:34,false.,2230,true,false
2024/12/13,18:23:39,false.,2240,,
2024/12/13,18:23:43,false.,2250,,
2024/12/13,18:23:48,true.,2220,,
2024/12/13,18:23:52,true.,2190,,
2024/12/13,18:23:56,false.,2200,,
2024/12/13,18:24:01,false.,2210,,
2024/12/13,18:24:05,false.,2220,,
2024/12/13,18:24:09,false.,2230,,
2024/12/13,18:24:14,false.,2240,,
2024/12/13,18:24:18,false.,2220,true,false
2024/12/13,18:24:22,false.,2230,,
2024/12/13,18:24:27,true.,2200,,
2024/12/13,18:24:31,false.,2210,,
2024/12/13,18:24:35,false.,2220,,
2024/12/13,18:24:40,true.,2190,,
2024/12/13,18:24:44,true.,2160,,
2024/12/13,18:24:48,false.,2170,,
2024/12/13,18:24:53,true.,2140,,
2024/12/13,18:24:58,true.,2110,,
2024/12/13,18:25:02,false.,2090,true,false
2024/12/13,18:25:07,true.,2060,,
2024/12/13,18:25:11,true.,2030,,
2024/12/13,18:25:15,true.,2000,,
2024/12/13,18:25:20,false.,2010,,
2024/12/13,18:25:25,false.,2020,,
2024/12/13,18:25:29,false.,2030,,
2024/12/13,18:25:34,false.,2040,,
2024/12/13,18:25:39,false.,2050,,
2024/12/13,18:25:43,false.,2060,,
2024/12/13,18:25:48,false.,2040,true,false
2024/12/13,18:25:52,false.,2050,,
2024/12/13,18:25:57,false.,2060,,
2024/12/13,18:26:01,false.,2070,,
2024/12/13,18:26:05,false.,2080,,
2024/12/13,18:26:10,false.,2090,,
2024/12/13,18:26:14,false.,2100,,
2024/12/13,18:26:18,false.,2110,,
2024/12/13,18:26:22,false.,2120,,
2024/12/13,18:26:27,false.,2130,,
2024/12/13,18:26:31,true.,2070,true,false
2024/12/13,18:26:35,false.,2080,,
2024/12/13,18:26:40,false.,2090,,
2024/12/13,18:26:44,false.,2100,,
2024/12/13,18:26:48,false.,2110,,
2024/12/13,18:26:53,false.,2120,,
2024/12/13,18:26:57,true.,2090,,
2024/12/13,18:27:01,false.,2100,,
2024/12/13,18:27:06,false.,2110,,
2024/12/13,18:27:10,false.,2120,,
2024/12/13,18:27:14,false.,2100,true,false
2024/12/13,18:27:19,false.,2110,,
2024/12/13,18:27:23,false.,2120,,
2024/12/13,18:27:27,false.,2130,,
2024/12/13,18:27:32,false.,2140,,
2024/12/13,18:27:36,false.,2150,,
2024/12/13,18:27:41,false.,2160,,
2024/12/13,18:27:45,false.,2170,,
2024/12/13,18:27:50,true.,2140,,
2024/12/13,18:27:54,true.,2110,,
2024/12/13,18:27:59,false.,2090,true,false
2024/12/13,18:28:03,true.,2060,,
2024/12/13,18:28:08,false.,2070,,
2024/12/13,18:28:12,false.,2080,,
2024/12/13,18:28:16,false.,2090,,
2024/12/13,18:28:20,true.,2060,,
2024/12/13,18:28:25,true.,2030,,
2024/12/13,18:28:29,true.,2000,,
2024/12/13,18:28:33,true.,1970,,
2024/12/13,18:28:38,true.,1940,,
2024/12/13,18:28:42,true.,1930,false,false
2024/12/13,18:28:47,false.,1940,,
2024/12/13,18:28:51,false.,1950,,
2024/12/13,18:28:55,false.,1960,,
2024/12/13,18:28:59,false.,1970,,
2024/12/13,18:29:04,false.,1980,,
2024/12/13,18:29:08,false.,1990,,
2024/12/13,18:29:12,true.,1960,,
2024/12/13,18:29:16,false.,1970,,
2024/12/13,18:29:21,false.,1980,,
2024/12/13,18:29:25,false.,1960,true,false
2024/12/13,18:29:29,false.,1970,,
2024/12/13,18:29:35,false.,1980,,
2024/12/13,18:29:40,false.,1990,,
2024/12/13,18:29:44,true.,1960,,
2024/12/13,18:29:49,true.,1930,,
2024/12/13,18:29:53,false.,1940,,
2024/12/13,18:29:57,false.,1950,,
2024/12/13,18:30:02,false.,1960,,
2024/12/13,18:30:06,false.,1970,,
2024/12/13,18:30:10,false.,1950,true,false
2024/12/13,18:30:14,false.,1960,,
2024/12/13,18:30:19,false.,1970,,
2024/12/13,18:30:23,false.,1980,,
2024/12/13,18:30:27,false.,1990,,
2024/12/13,18:30:32,false.,2000,,
2024/12/13,18:30:36,false.,2010,,
2024/12/13,18:30:41,false.,2020,,
2024/12/13,18:30:45,false.,2030,,
2024/12/13,18:30:49,false.,2040,,
2024/12/13,18:30:54,false.,2020,true,false
2024/12/13,18:30:58,false.,2030,,
2024/12/13,18:31:03,false.,2040,,
2024/12/13,18:31:07,false.,2050,,
2024/12/13,18:31:11,false.,2060,,
2024/12/13,18:31:16,false.,2070,,
2024/12/13,18:31:20,false.,2080,,
2024/12/13,18:31:24,false.,2090,,
2024/12/13,18:31:29,false.,2100,,
2024/12/13,18:31:34,false.,2110,,
2024/12/13,18:31:38,false.,2090,true,false
2024/12/13,18:31:42,false.,2100,,
2024/12/13,18:31:47,false.,2110,,
2024/12/13,18:31:51,false.,2120,,
2024/12/13,18:31:55,false.,2130,,
2024/12/13,18:32:00,false.,2140,,
2024/12/13,18:32:04,false.,2150,,
2024/12/13,18:32:08,false.,2160,,
2024/12/13,18:32:13,false.,2170,,
2024/12/13,18:32:17,false.,2180,,
2024/12/13,18:32:21,false.,2210,false,false
2024/12/13,18:32:26,false.,2220,,
2024/12/13,18:32:30,false.,2230,,
2024/12/13,18:32:35,false.,2240,,
2024/12/13,18:32:40,false.,2250,,
2024/12/13,18:32:44,false.,2260,,
2024/12/13,18:32:48,false.,2270,,
2024/12/13,18:32:53,false.,2280,,
2024/12/13,18:32:57,false.,2290,,
2024/12/13,18:33:02,false.,2300,,
2024/12/13,18:33:06,false.,2280,true,false
2024/12/13,18:33:11,false.,2290,,
2024/12/13,18:33:15,false.,2300,,
2024/12/13,18:33:19,false.,2310,,
2024/12/13,18:33:23,false.,2320,,
2024/12/13,18:33:28,false.,2330,,
2024/12/13,18:33:32,false.,2340,,
2024/12/13,18:33:36,false.,2350,,
2024/12/13,18:33:41,false.,2360,,
2024/12/13,18:33:46,false.,2370,,
2024/12/13,18:33:50,true.,2310,true,false
2024/12/13,18:33:55,false.,2320,,
2024/12/13,18:33:59,false.,2330,,
2024/12/13,18:34:03,true.,2300,,
2024/12/13,18:34:08,true.,2270,,
2024/12/13,18:34:12,false.,2280,,
2024/12/13,18:34:16,false.,2290,,
2024/12/13,18:34:21,false.,2300,,
2024/12/13,18:34:25,false.,2310,,
2024/12/13,18:34:29,true.,2280,,
2024/12/13,18:34:33,false.,2260,true,false
2024/12/13,18:34:38,false.,2270,,
2024/12/13,18:34:42,true.,2240,,
2024/12/13,18:34:46,true.,2210,,
2024/12/13,18:34:51,false.,2220,,
2024/12/13,18:34:55,false.,2230,,
2024/12/13,18:34:59,false.,2240,,
2024/12/13,18:35:04,false.,2250,,
2024/12/13,18:35:08,true.,2220,,
2024/12/13,18:35:12,false.,2230,,
2024/12/13,18:35:17,false.,2260,false,false
2024/12/13,18:35:21,false.,2270,,
2024/12/13,18:35:25,true.,2240,,
2024/12/13,18:35:30,true.,2210,,
2024/12/13,18:35:34,true.,2180,,
2024/12/13,18:35:39,true.,2150,,
2024/12/13,18:35:43,true.,2120,,
2024/12/13,18:35:47,true.,2090,,
2024/12/13,18:35:52,false.,2100,,
2024/12/13,18:35:57,false.,2110,,
2024/12/13,18:36:01,false.,2090,true,false
2024/12/13,18:36:06,false.,2100,,
2024/12/13,18:36:10,false.,2110,,
2024/12/13,18:36:14,false.,2120,,
2024/12/13,18:36:18,false.,2130,,
2024/12/13,18:36:23,false.,2140,,
2024/12/13,18:36:27,false.,2150,,
2024/12/13,18:36:31,false.,2160,,
2024/12/13,18:36:36,false.,2170,,
2024/12/13,18:36:40,false.,2180,,
2024/12/13,18:36:45,false.,2160,true,false
2024/12/13,18:36:49,false.,2170,,
2024/12/13,18:36:53,true.,2140,,
2024/12/13,18:36:58,false.,2150,,
2024/12/13,18:37:02,true.,2120,,
2024/12/13,18:37:06,true.,2090,,
2024/12/13,18:37:11,true.,2060,,
2024/12/13,18:37:15,true.,2030,,
2024/12/13,18:37:19,false.,2040,,
2024/12/13,18:37:24,false.,2050,,
2024/12/13,18:37:28,false.,2030,true,false
2024/12/13,18:37:33,false.,2040,,
2024/12/13,18:37:37,true.,2010,,
2024/12/13,18:37:42,true.,1980,,
2024/12/13,18:37:46,true.,1950,,
2024/12/13,18:37:50,true.,1920,,
2024/12/13,18:37:55,true.,1890,,
2024/12/13,18:37:59,false.,1900,,
2024/12/13,18:38:04,false.,1910,,
2024/12/13,18:38:08,false.,1920,,
2024/12/13,18:38:12,false.,1900,true,false
2024/12/13,18:38:17,false.,1910,,
2024/12/13,18:38:21,false.,1920,,
2024/12/13,18:38:25,false.,1930,,
2024/12/13,18:38:30,false.,1940,,
2024/12/13,18:38:34,false.,1950,,
2024/12/13,18:38:39,true.,1920,,
2024/12/13,18:38:43,false.,1930,,
2024/12/13,18:38:47,false.,1940,,
2024/12/13,18:38:51,false.,1950,,
2024/12/13,18:38:56,true.,1890,true,false
2024/12/13,18:39:00,false.,1900,,
2024/12/13,18:39:04,true.,1870,,
2024/12/13,18:39:09,true.,1840,,
2024/12/13,18:39:13,true.,1810,,
2024/12/13,18:39:17,true.,1780,,
2024/12/13,18:39:22,true.,1750,,
2024/12/13,18:39:26,true.,1720,,
2024/12/13,18:39:31,true.,1690,,
2024/12/13,18:39:35,false.,1700,,
2024/12/13,18:39:39,false.,1730,false,false
2024/12/13,18:39:44,false.,1740,,
2024/12/13,18:39:48,false.,1750,,
2024/12/13,18:39:52,false.,1760,,
2024/12/13,18:39:57,false.,1770,,
2024/12/13,18:40:02,true.,1740,,
2024/12/13,18:40:06,true.,1710,,
2024/12/13,18:40:10,true.,1680,,
2024/12/13,18:40:15,true.,1650,,
2024/12/13,18:40:19,false.,1660,,
2024/12/13,18:40:23,true.,1600,true,false
2024/12/13,18:40:28,true.,1570,,
2024/12/13,18:40:32,true.,1540,,
2024/12/13,18:40:37,true.,1510,,
2024/12/13,18:40:41,true.,1480,,
2024/12/13,18:40:46,true.,1450,,
2024/12/13,18:40:51,false.,1460,,
2024/12/13,18:40:55,true.,1430,,
2024/12/13,18:40:59,false.,1440,,
2024/12/13,18:41:03,false.,1450,,
2024/12/13,18:41:08,false.,1430,true,false
2024/12/13,18:41:12,false.,1440,,
2024/12/13,18:41:16,false.,1450,,
2024/12/13,18:41:20,false.,1460,,
2024/12/13,18:41:25,false.,1470,,
2024/12/13,18:41:29,false.,1480,,
2024/12/13,18:41:33,false.,1490,,
2024/12/13,18:41:38,false.,1500,,
2024/12/13,18:41:42,false.,1510,,
2024/12/13,18:41:47,false.,1520,,
2024/12/13,18:41:52,true.,1460,true,false
2024/12/13,18:41:56,false.,1470,,
2024/12/13,18:42:00,true.,1440,,
2024/12/13,18:42:05,false.,1450,,
2024/12/13,18:42:09,false.,1460,,
2024/12/13,18:42:14,true.,1430,,
2024/12/13,18:42:18,true.,1400,,
2024/12/13,18:42:22,false.,1410,,
2024/12/13,18:42:27,true.,1380,,
2024/12/13,18:42:31,true.,1350,,
2024/12/13,18:42:35,true.,1290,true,false
2024/12/13,18:42:40,true.,1260,,
2024/12/13,18:42:44,false.,1270,,
2024/12/13,18:42:48,true.,1240,,
2024/12/13,18:42:53,true.,1210,,
2024/12/13,18:42:57,true.,1180,,
2024/12/13,18:43:02,false.,1190,,
2024/12/13,18:43:07,false.,1200,,
2024/12/13,18:43:11,false.,1210,,
2024/12/13,18:43:15,false.,1220,,
2024/12/13,18:43:20,false.,1200,true,false
2024/12/13,18:43:24,false.,1210,,
2024/12/13,18:43:29,false.,1220,,
2024/12/13,18:43:34,true.,1190,,
2024/12/13,18:43:38,false.,1200,,
2024/12/13,18:43:43,true.,1170,,
2024/12/13,18:43:47,true.,1140,,
2024/12/13,18:43:51,false.,1150,,
2024/12/13,18:43:56,true.,1120,,
2024/12/13,18:44:00,true.,1090,,
2024/12/13,18:44:05,true.,1030,true,false
2024/12/13,18:44:09,false.,1040,,
2024/12/13,18:44:13,false.,1050,,
2024/12/13,18:44:18,false.,1060,,
2024/12/13,18:44:22,false.,1070,,
2024/12/13,18:44:27,true.,1040,,
2024/12/13,18:44:31,false.,1050,,
2024/12/13,18:44:35,false.,1060,,
2024/12/13,18:44:40,true.,1030,,
2024/12/13,18:44:44,false.,1040,,
2024/12/13,18:44:48,false.,1070,false,false
2024/12/13,18:44:53,false.,1080,,
2024/12/13,18:44:57,true.,1050,,
2024/12/13,18:45:01,true.,1020,,
2024/12/13,18:45:05,false.,1030,,
2024/12/13,18:45:10,true.,1000,,
2024/12/13,18:45:14,false.,1010,,
2024/12/13,18:45:18,false.,1020,,
2024/12/13,18:45:23,false.,1030,,
2024/12/13,18:45:27,true.,1000,,
2024/12/13,18:45:32,true.,940,true,false
2024/12/13,18:45:36,false.,950,,
2024/12/13,18:45:40,false.,960,,
2024/12/13,18:45:45,false.,970,,
2024/12/13,18:45:49,false.,980,,
2024/12/13,18:45:54,false.,990,,
2024/12/13,18:45:58,false.,1000,,
2024/12/13,18:46:03,false.,1010,,
2024/12/13,18:46:07,false.,1020,,
2024/12/13,18:46:12,false.,1030,,
2024/12/13,18:46:16,false.,1010,true,false
2024/12/13,18:46:20,true.,980,,
2024/12/13,18:46:25,false.,990,,
2024/12/13,18:46:29,false.,1000,,
2024/12/13,18:46:33,false.,1010,,
2024/12/13,18:46:37,false.,1020,,
2024/12/13,18:46:42,false.,1030,,
2024/12/13,18:46:46,false.,1040,,
2024/12/13,18:46:50,false.,1050,,
2024/12/13,18:46:55,false.,1060,,
2024/12/13,18:46:59,false.,1040,true,false
2024/12/13,18:47:03,false.,1050,,
2024/12/13,18:47:08,false.,1060,,
2024/12/13,18:47:12,false.,1070,,
2024/12/13,18:47:16,false.,1080,,
2024/12/13,18:47:20,false.,1090,,
2024/12/13,18:47:25,false.,1100,,
2024/12/13,18:47:30,false.,1110,,
2024/12/13,18:47:34,false.,1120,,
2024/12/13,18:47:38,false.,1130,,
2024/12/13,18:47:43,false.,1110,true,false
2024/12/13,18:47:47,false.,1120,,
2024/12/13,18:47:51,false.,1130,,
2024/12/13,18:47:55,false.,1140,,
2024/12/13,18:48:00,false.,1150,,
2024/12/13,18:48:04,false.,1160,,
2024/12/13,18:48:08,false.,1170,,
2024/12/13,18:48:13,false.,1180,,
2024/12/13,18:48:17,false.,1190,,
2024/12/13,18:48:22,false.,1200,,
2024/12/13,18:48:26,false.,1180,true,false
2024/12/13,18:48:30,true.,1150,,
2024/12/13,18:48:35,false.,1160,,
2024/12/13,18:48:39,false.,1170,,
2024/12/13,18:48:43,false.,1180,,
2024/12/13,18:48:48,false.,1190,,
2024/12/13,18:48:52,false.,1200,,
2024/12/13,18:48:57,false.,1210,,
2024/12/13,18:49:01,false.,1220,,
2024/12/13,18:49:05,false.,1230,,
2024/12/13,18:49:10,true.,1170,true,false
2024/12/13,18:49:14,false.,1180,,
2024/12/13,18:49:18,false.,1190,,
2024/12/13,18:49:23,false.,1200,,
2024/12/13,18:49:27,false.,1210,,
2024/12/13,18:49:31,false.,1220,,
2024/12/13,18:49:36,false.,1230,,
2024/12/13,18:49:40,false.,1240,,
2024/12/13,18:49:44,false.,1250,,
2024/12/13,18:49:48,false.,1260,,
2024/12/13,18:49:52,false.,1290,false,false
2024/12/13,18:49:57,false.,1300,,
2024/12/13,18:50:01,false.,1310,,
2024/12/13,18:50:05,false.,1320,,
2024/12/13,18:50:10,false.,1330,,
2024/12/13,18:50:14,false.,1340,,
2024/12/13,18:50:18,false.,1350,,
2024/12/13,18:50:22,false.,1360,,
2024/12/13,18:50:27,false.,1370,,
2024/12/13,18:50:31,false.,1380,,
2024/12/13,18:50:35,false.,1410,false,false
2024/12/13,18:50:39,true.,1380,,
2024/12/13,18:50:44,false.,1390,,
2024/12/13,18:50:48,false.,1400,,
2024/12/13,18:50:52,false.,1410,,
2024/12/13,18:50:56,false.,1420,,
2024/12/13,18:51:01,false.,1430,,
2024/12/13,18:51:05,false.,1440,,
2024/12/13,18:51:09,false.,1450,,
2024/12/13,18:51:14,false.,1460,,
2024/12/13,18:51:18,true.,1400,true,false
2024/12/13,18:51:22,false.,1410,,
2024/12/13,18:51:27,false.,1420,,
2024/12/13,18:51:31,false.,1430,,
2024/12/13,18:51:35,false.,1440,,
2024/12/13,18:51:40,false.,1450,,
2024/12/13,18:51:44,false.,1460,,
2024/12/13,18:51:48,false.,1470,,
2024/12/13,18:51:52,false.,1480,,
2024/12/13,18:51:56,false.,1490,,
2024/12/13,18:52:01,false.,1520,false,false
2024/12/13,18:52:05,false.,1530,,
2024/12/13,18:52:09,false.,1540,,
2024/12/13,18:52:14,false.,1550,,
2024/12/13,18:52:18,false.,1560,,
2024/12/13,18:52:22,false.,1570,,
2024/12/13,18:52:26,false.,1580,,
2024/12/13,18:52:31,false.,1590,,
2024/12/13,18:52:35,false.,1600,,
2024/12/13,18:52:39,false.,1610,,
2024/12/13,18:52:43,false.,1590,true,false
2024/12/13,18:52:47,false.,1600,,
2024/12/13,18:52:52,false.,1610,,
2024/12/13,18:52:56,false.,1620,,
2024/12/13,18:53:00,false.,1630,,
2024/12/13,18:53:05,false.,1640,,
2024/12/13,18:53:09,true.,1610,,
2024/12/13,18:53:13,true.,1580,,
2024/12/13,18:53:17,true.,1550,,
2024/12/13,18:53:22,false.,1560,,
2024/12/13,18:53:26,false.,1540,true,false
2024/12/13,18:53:30,false.,1550,,
2024/12/13,18:53:35,false.,1560,,
2024/12/13,18:53:39,true.,1530,,
2024/12/13,18:53:43,true.,1500,,
2024/12/13,18:53:48,false.,1510,,
2024/12/13,18:53:52,false.,1520,,
2024/12/13,18:53:56,false.,1530,,
2024/12/13,18:54:01,false.,1540,,
2024/12/13,18:54:05,true.,1510,,
2024/12/13,18:54:09,true.,1450,true,false
2024/12/13,18:54:14,false.,1460,,
2024/12/13,18:54:18,false.,1470,,
2024/12/13,18:54:22,false.,1480,,
2024/12/13,18:54:27,false.,1490,,
2024/12/13,18:54:31,false.,1500,,
2024/12/13,18:54:35,false.,1510,,
2024/12/13,18:54:40,true.,1480,,
2024/12/13,18:54:44,true.,1450,,
2024/12/13,18:54:49,false.,1460,,
2024/12/13,18:54:53,true.,1450,false,false
2024/12/13,18:54:57,false.,1460,,
2024/12/13,18:55:01,false.,1470,,
2024/12/13,18:55:05,false.,1480,,
2024/12/13,18:55:10,false.,1490,,
2024/12/13,18:55:14,true.,1460,,
2024/12/13,18:55:18,true.,1430,,
2024/12/13,18:55:23,true.,1400,,
2024/12/13,18:55:27,true.,1370,,
2024/12/13,18:55:32,false.,1380,,
2024/12/13,18:55:36,false.,1410,false,false
2024/12/13,18:55:40,false.,1420,,
2024/12/13,18:55:44,false.,1430,,
2024/12/13,18:55:49,true.,1400,,
2024/12/13,18:55:53,false.,1410,,
2024/12/13,18:55:57,false.,1420,,
2024/12/13,18:56:02,true.,1390,,
2024/12/13,18:56:06,true.,1360,,
2024/12/13,18:56:10,false.,1370,,
2024/12/13,18:56:14,false.,1380,,
2024/12/13,18:56:19,false.,1300,true,true
2024/12/13,18:56:23,false.,1310,,
2024/12/13,18:56:27,false.,1320,,
2024/12/13,18:56:32,false.,1330,,
2024/12/13,18:56:36,false.,1340,,
2024/12/13,18:56:40,false.,1350,,
2024/12/13,18:56:45,false.,1360,,
2024/12/13,18:56:49,false.,1370,,
2024/12/13,18:56:54,false.,1380,,
2024/12/13,18:56:58,false.,1390,,
2024/12/13,18:57:02,false.,1370,true,false
2024/12/13,18:57:06,false.,1380,,
2024/12/13,18:57:11,false.,1390,,
2024/12/13,18:57:15,false.,1400,,
2024/12/13,18:57:19,false.,1410,,
2024/12/13,18:57:24,false.,1420,,
2024/12/13,18:57:28,true.,1390,,
2024/12/13,18:57:32,false.,1400,,
2024/12/13,18:57:36,false.,1410,,
2024/12/13,18:57:40,false.,1420,,
2024/12/13,18:57:45,false.,1400,true,false
2024/12/13,18:57:49,false.,1410,,
2024/12/13,18:57:53,false.,1420,,
2024/12/13,18:57:57,false.,1430,,
2024/12/13,18:58:01,false.,1440,,
2024/12/13,18:58:06,false.,1450,,
2024/12/13,18:58:10,false.,1460,,
2024/12/13,18:58:14,false.,1470,,
2024/12/13,18:58:19,false.,1480,,
2024/12/13,18:58:23,false.,1490,,
2024/12/13,18:58:27,false.,1520,false,false
2024/12/13,18:58:32,false.,1530,,
2024/12/13,18:58:36,false.,1540,,
2024/12/13,18:58:40,false.,1550,,
2024/12/13,18:58:44,false.,1560,,
2024/12/13,18:58:49,false.,1570,,
2024/12/13,18:58:53,false.,1580,,
2024/12/13,18:58:57,false.,1590,,
2024/12/13,18:59:02,false.,1600,,
2024/12/13,18:59:06,false.,1610,,
2024/12/13,18:59:10,false.,1590,true,false
2024/12/13,18:59:15,true.,1560,,
2024/12/13,18:59:19,false.,1570,,
2024/12/13,18:59:23,false.,1580,,
2024/12/13,18:59:27,false.,1590,,
2024/12/13,18:59:31,false.,1600,,
2024/12/13,18:59:36,false.,1610,,
2024/12/13,18:59:40,false.,1620,,
2024/12/13,18:59:44,false.,1630,,
2024/12/13,18:59:48,false.,1640,,
2024/12/13,18:59:52,false.,1620,true,false
2024/12/13,18:59:57,false.,1630,,
2024/12/13,19:00:01,false.,1640,,
2024/12/13,19:00:06,false.,1650,,
2024/12/13,19:00:10,false.,1660,,
2024/12/13,19:00:15,false.,1670,,
2024/12/13,19:00:19,false.,1680,,
2024/12/13,19:00:23,false.,1690,,
2024/12/13,19:00:28,false.,1700,,
2024/12/13,19:00:32,false.,1710,,
2024/12/13,19:00:36,false.,1690,true,false
2024/12/13,19:00:40,false.,1700,,
2024/12/13,19:00:45,false.,1710,,
2024/12/13,19:00:49,false.,1720,,
2024/12/13,19:00:53,false.,1730,,
2024/12/13,19:00:57,false.,1740,,
2024/12/13,19:01:01,false.,1750,,
2024/12/13,19:01:06,false.,1760,,
2024/12/13,19:01:10,false.,1770,,
2024/12/13,19:01:14,false.,1780,,
2024/12/13,19:01:19,false.,1760,true,false
2024/12/13,19:01:23,false.,1770,,
2024/12/13,19:01:27,false.,1780,,
2024/12/13,19:01:31,false.,1790,,
2024/12/13,19:01:36,false.,1800,,
2024/12/13,19:01:40,true.,1770,,
2024/12/13,19:01:44,true.,1740,,
2024/12/13,19:01:48,false.,1750,,
2024/12/13,19:01:53,true.,1720,,
2024/12/13,19:01:57,true.,1690,,
2024/12/13,19:02:01,false.,1670,true,false
2024/12/13,19:02:05,false.,1680,,
2024/12/13,19:02:10,false.,1690,,
2024/12/13,19:02:14,false.,1700,,
2024/12/13,19:02:18,false.,1710,,
2024/12/13,19:02:23,true.,1680,,
2024/12/13,19:02:27,false.,1690,,
2024/12/13,19:02:31,true.,1660,,
2024/12/13,19:02:35,true.,1630,,
2024/12/13,19:02:40,true.,1600,,
2024/12/13,19:02:44,true.,1540,true,false
2024/12/13,19:02:48,false.,1550,,
2024/12/13,19:02:53,false.,1560,,
2024/12/13,19:02:57,false.,1570,,
2024/12/13,19:03:01,false.,1580,,
2024/12/13,19:03:05,false.,1590,,
2024/12/13,19:03:10,true.,1560,,
2024/12/13,19:03:14,false.,1570,,
2024/12/13,19:03:18,true.,1540,,
2024/12/13,19:03:22,true.,1510,,
2024/12/13,19:03:27,true.,1450,true,false
2024/12/13,19:03:31,true.,1420,,
2024/12/13,19:03:35,false.,1430,,
2024/12/13,19:03:39,false.,1440,,
2024/12/13,19:03:44,true.,1410,,
2024/12/13,19:03:48,true.,1380,,
2024/12/13,19:03:52,true.,1350,,
2024/12/13,19:03:57,true.,1320,,
2024/12/13,19:04:01,true.,1290,,
2024/12/13,19:04:06,false.,1300,,
2024/12/13,19:04:10,false.,1220,true,true
2024/12/13,19:04:14,false.,1230,,
2024/12/13,19:04:19,false.,1240,,
2024/12/13,19:04:23,false.,1250,,
2024/12/13,19:04:27,false.,1260,,
2024/12/13,19:04:31,false.,1270,,
2024/12/13,19:04:36,false.,1280,,
2024/12/13,19:04:40,false.,1290,,
2024/12/13,19:04:44,false.,1300,,
2024/12/13,19:04:49,false.,1310,,
2024/12/13,19:04:53,false.,1290,true,false
2024/12/13,19:04:57,false.,1300,,
2024/12/13,19:05:02,true.,1270,,
2024/12/13,19:05:06,true.,1240,,
2024/12/13,19:05:10,true.,1210,,
2024/12/13,19:05:14,false.,1220,,
2024/12/13,19:05:19,false.,1230,,
2024/12/13,19:05:23,false.,1240,,
2024/12/13,19:05:27,false.,1250,,
2024/12/13,19:05:31,false.,1260,,
2024/12/13,19:05:36,false.,1180,true,true
2024/12/13,19:05:40,false.,1190,,
2024/12/13,19:05:44,false.,1200,,
2024/12/13,19:05:49,true.,1170,,
2024/12/13,19:05:53,false.,1180,,
2024/12/13,19:05:58,false.,1190,,
2024/12/13,19:06:02,false.,1200,,
2024/12/13,19:06:06,false.,1210,,
2024/12/13,19:06:10,true.,1180,,
2024/12/13,19:06:14,false.,1190,,
2024/12/13,19:06:19,false.,1170,true,false
2024/12/13,19:06:23,false.,1180,,
2024/12/13,19:06:27,false.,1190,,
2024/12/13,19:06:31,false.,1200,,
2024/12/13,19:06:36,false.,1210,,
2024/12/13,19:06:40,false.,1220,,
2024/12/13,19:06:45,false.,1230,,
2024/12/13,19:06:49,false.,1240,,
2024/12/13,19:06:53,false.,1250,,
2024/12/13,19:06:58,false.,1260,,
2024/12/13,19:07:02,true.,1250,false,false
2024/12/13,19:07:06,false.,1260,,
2024/12/13,19:07:10,true.,1230,,
2024/12/13,19:07:15,true.,1200,,
2024/12/13,19:07:19,true.,1170,,
2024/12/13,19:07:23,true.,1140,,
2024/12/13,19:07:28,false.,1150,,
2024/12/13,19:07:32,false.,1160,,
2024/12/13,19:07:36,false.,1170,,
2024/12/13,19:07:41,false.,1180,,
2024/12/13,19:07:45,false.,1160,true,false
2024/12/13,19:07:49,false.,1170,,
2024/12/13,19:07:53,false.,1180,,
2024/12/13,19:07:58,false.,1190,,
2024/12/13,19:08:02,false.,1200,,
2024/12/13,19:08:06,false.,1210,,
2024/12/13,19:08:10,false.,1220,,
2024/12/13,19:08:15,false.,1230,,
2024/12/13,19:08:19,false.,1240,,
2024/12/13,19:08:23,false.,1250,,
2024/12/13,19:08:28,false.,1230,true,false
2024/12/13,19:08:32,true.,1200,,
2024/12/13,19:08:36,true.,1170,,
2024/12/13,19:08:40,true.,1140,,
2024/12/13,19:08:45,true.,1110,,
2024/12/13,19:08:49,false.,1120,,
2024/12/13,19:08:53,false.,1130,,
2024/12/13,19:08:58,false.,1140,,
2024/12/13,19:09:02,false.,1150,,
2024/12/13,19:09:06,false.,1160,,
2024/12/13,19:09:11,false.,1140,true,false
2024/12/13,19:09:15,false.,1150,,
2024/12/13,19:09:19,false.,1160,,
2024/12/13,19:09:23,false.,1170,,
2024/12/13,19:09:28,false.,1180,,
2024/12/13,19:09:32,false.,1190,,
2024/12/13,19:09:36,false.,1200,,
2024/12/13,19:09:42,false.,1210,,
2024/12/13,19:09:46,false.,1220,,
2024/12/13,19:09:50,false.,1230,,
2024/12/13,19:09:55,false.,1210,true,false
2024/12/13,19:10:00,false.,1220,,
2024/12/13,19:10:04,false.,1230,,
2024/12/13,19:10:09,false.,1240,,
2024/12/13,19:10:13,false.,1250,,
2024/12/13,19:10:18,false.,1260,,
2024/12/13,19:10:22,false.,1270,,
2024/12/13,19:10:27,false.,1280,,
2024/12/13,19:10:32,false.,1290,,
2024/12/13,19:10:36,false.,1300,,
2024/12/13,19:10:40,false.,1280,true,false
2024/12/13,19:10:45,false.,1290,,
2024/12/13,19:10:49,false.,1300,,
2024/12/13,19:10:53,false.,1310,,
2024/12/13,19:10:58,false.,1320,,
2024/12/13,19:11:02,false.,1330,,
2024/12/13,19:11:07,false.,1340,,
2024/12/13,19:11:11,false.,1350,,
2024/12/13,19:11:15,false.,1360,,
2024/12/13,19:11:20,false.,1370,,
2024/12/13,19:11:24,false.,1350,true,false
2024/12/13,19:11:29,false.,1360,,
2024/12/13,19:11:33,false.,1370,,
2024/12/13,19:11:38,false.,1380,,
2024/12/13,19:11:42,false.,1390,,
2024/12/13,19:11:46,false.,1400,,
2024/12/13,19:11:51,false.,1410,,
2024/12/13,19:11:55,false.,1420,,
2024/12/13,19:12:00,false.,1430,,
2024/12/13,19:12:04,false.,1440,,
2024/12/13,19:12:09,false.,1420,true,false
2024/12/13,19:12:13,false.,1430,,
2024/12/13,19:12:18,false.,1440,,
2024/12/13,19:12:22,false.,1450,,
2024/12/13,19:12:26,false.,1460,,
2024/12/13,19:12:31,false.,1470,,
2024/12/13,19:12:35,false.,1480,,
2024/12/13,19:12:40,false.,1490,,
2024/12/13,19:12:44,false.,1500,,
2024/12/13,19:12:49,false.,1510,,
2024/12/13,19:12:53,false.,1490,true,false
2024/12/13,19:12:58,false.,1500,,
2024/12/13,19:13:02,false.,1510,,
2024/12/13,19:13:06,false.,1520,,
2024/12/13,19:13:11,false.,1530,,
2024/12/13,19:13:15,false.,1540,,
2024/12/13,19:13:19,false.,1550,,
2024/12/13,19:13:24,false.,1560,,
2024/12/13,19:13:28,false.,1570,,
2024/12/13,19:13:33,false.,1580,,
2024/12/13,19:13:37,true.,1520,true,false
2024/12/13,19:13:41,false.,1530,,
2024/12/13,19:13:46,false.,1540,,
2024/12/13,19:13:50,false.,1550,,
2024/12/13,19:13:55,false.,1560,,
2024/12/13,19:13:59,false.,1570,,
2024/12/13,19:14:04,false.,1580,,
2024/12/13,19:14:08,false.,1590,,
2024/12/13,19:14:12,false.,1600,,
2024/12/13,19:14:17,false.,1610,,
2024/12/13,19:14:21,true.,1600,false,false
2024/12/13,19:14:25,true.,1570,,
2024/12/13,19:14:30,false.,1580,,
2024/12/13,19:14:34,false.,1590,,
2024/12/13,19:14:38,false.,1600,,
2024/12/13,19:14:43,false.,1610,,
2024/12/13,19:14:47,false.,1620,,
2024/12/13,19:14:52,false.,1630,,
2024/12/13,19:14:56,false.,1640,,
2024/12/13,19:15:00,false.,1650,,
2024/12/13,19:15:05,false.,1630,true,false
2024/12/13,19:15:09,false.,1640,,
2024/12/13,19:15:14,false.,1650,,
2024/12/13,19:15:18,false.,1660,,
2024/12/13,19:15:22,false.,1670,,
2024/12/13,19:15:27,false.,1680,,
2024/12/13,19:15:32,false.,1690,,
2024/12/13,19:15:36,true.,1660,,
2024/12/13,19:15:40,true.,1630,,
2024/12/13,19:15:44,true.,1600,,
2024/12/13,19:15:49,true.,1540,true,false
2024/12/13,19:15:53,false.,1550,,
2024/12/13,19:15:57,true.,1520,,
2024/12/13,19:16:02,true.,1490,,
2024/12/13,19:16:06,true.,1460,,
2024/12/13,19:16:10,true.,1430,,
2024/12/13,19:16:15,false.,1440,,
2024/12/13,19:16:19,false.,1450,,
2024/12/13,19:16:24,true.,1420,,
2024/12/13,19:16:28,true.,1390,,
2024/12/13,19:16:33,false.,1420,false,false
2024/12/13,19:16:38,false.,1430,,
2024/12/13,19:16:42,false.,1440,,
2024/12/13,19:16:46,true.,1410,,
2024/12/13,19:16:51,true.,1380,,
2024/12/13,19:16:55,false.,1390,,
2024/12/13,19:16:59,false.,1400,,
2024/12/13,19:17:04,false.,1410,,
2024/12/13,19:17:08,false.,1420,,
2024/12/13,19:17:12,false.,1430,,
2024/12/13,19:17:17,false.,1410,true,false
2024/12/13,19:17:21,false.,1420,,
2024/12/13,19:17:26,false.,1430,,
2024/12/13,19:17:30,false.,1440,,
2024/12/13,19:17:35,false.,1450,,
2024/12/13,19:17:39,false.,1460,,
2024/12/13,19:17:44,true.,1430,,
2024/12/13,19:17:48,false.,1440,,
2024/12/13,19:17:52,false.,1450,,
2024/12/13,19:17:58,false.,1460,,
2024/12/13,19:18:03,false.,1440,true,false
2024/12/13,19:18:07,false.,1450,,
2024/12/13,19:18:12,false.,1460,,
2024/12/13,19:18:16,true.,1430,,
2024/12/13,19:18:20,false.,1440,,
2024/12/13,19:18:25,false.,1450,,
2024/12/13,19:18:31,true.,1420,,
2024/12/13,19:18:35,true.,1390,,
2024/12/13,19:18:39,false.,1400,,
2024/12/13,19:18:44,false.,1410,,
2024/12/13,19:18:48,false.,1390,true,false
2024/12/13,19:18:53,false.,1400,,
2024/12/13,19:18:57,false.,1410,,
2024/12/13,19:19:02,false.,1420,,
2024/12/13,19:19:06,false.,1430,,
2024/12/13,19:19:10,false.,1440,,
2024/12/13,19:19:14,false.,1450,,
2024/12/13,19:19:19,false.,1460,,
2024/12/13,19:19:23,false.,1470,,
2024/12/13,19:19:28,false.,1480,,
2024/12/13,19:19:32,false.,1460,true,false
2024/12/13,19:19:37,false.,1470,,
2024/12/13,19:19:41,false.,1480,,
2024/12/13,19:19:45,true.,1450,,
2024/12/13,19:19:50,true.,1420,,
2024/12/13,19:19:54,true.,1390,,
2024/12/13,19:19:58,true.,1360,,
2024/12/13,19:20:02,true.,1330,,
2024/12/13,19:20:07,true.,1300,,
2024/12/13,19:20:11,true.,1270,,
2024/12/13,19:20:15,true.,1210,true,false
2024/12/13,19:20:20,true.,1180,,
2024/12/13,19:20:24,true.,1150,,
2024/12/13,19:20:29,true.,1120,,
2024/12/13,19:20:33,true.,1090,,
2024/12/13,19:20:37,false.,1100,,
2024/12/13,19:20:42,false.,1110,,
2024/12/13,19:20:47,true.,1080,,
2024/12/13,19:20:51,true.,1050,,
2024/12/13,19:20:55,true.,1020,,
2024/12/13,19:20:59,true.,960,true,false
2024/12/13,19:21:04,true.,930,,
2024/12/13,19:21:08,false.,940,,
2024/12/13,19:21:12,false.,950,,
2024/12/13,19:21:17,false.,960,,
2024/12/13,19:21:21,false.,970,,
2024/12/13,19:21:25,false.,980,,
2024/12/13,19:21:30,true.,950,,
2024/12/13,19:21:34,true.,920,,
2024/12/13,19:21:39,true.,890,,
2024/12/13,19:21:44,true.,830,true,false
2024/12/13,19:21:48,true.,800,,
2024/12/13,19:21:52,true.,770,,
2024/12/13,19:21:57,true.,740,,
2024/12/13,19:22:01,false.,750,,
2024/12/13,19:22:05,true.,720,,
2024/12/13,19:22:10,true.,690,,
2024/12/13,19:22:14,true.,660,,
2024/12/13,19:22:18,true.,630,,
2024/12/13,19:22:23,false.,640,,
2024/12/13,19:22:28,false.,620,true,false
2024/12/13,19:22:33,false.,630,,
2024/12/13,19:22:37,false.,640,,
2024/12/13,19:22:42,false.,650,,
2024/12/13,19:22:46,false.,660,,
2024/12/13,19:22:51,false.,670,,
2024/12/13,19:22:55,false.,680,,
2024/12/13,19:23:00,false.,690,,
2024/12/13,19:23:04,false.,700,,
2024/12/13,19:23:08,false.,710,,
2024/12/13,19:23:13,false.,690,true,false
2024/12/13,19:23:17,false.,700,,
2024/12/13,19:23:21,false.,710,,
2024/12/13,19:23:26,false.,720,,
2024/12/13,19:23:30,false.,730,,
2024/12/13,19:23:35,false.,740,,
2024/12/13,19:23:40,false.,750,,
2024/12/13,19:23:44,false.,760,,
2024/12/13,19:23:49,true.,730,,
2024/12/13,19:23:53,false.,740,,
2024/12/13,19:23:57,false.,720,true,false
2024/12/13,19:24:01,true.,690,,
2024/12/13,19:24:06,true.,660,,
2024/12/13,19:24:10,true.,630,,
2024/12/13,19:24:14,true.,600,,
2024/12/13,19:24:19,true.,570,,
2024/12/13,19:24:23,false.,580,,
2024/12/13,19:24:27,true.,550,,
2024/12/13,19:24:32,true.,520,,
2024/12/13,19:24:36,true.,490,,
2024/12/13,19:24:41,true.,430,true,false
2024/12/13,19:24:45,true.,400,,
2024/12/13,19:24:50,true.,370,,
2024/12/13,19:24:54,true.,340,,
2024/12/13,19:24:59,false.,350,,
2024/12/13,19:25:03,false.,360,,
2024/12/13,19:25:07,false.,370,,
2024/12/13,19:25:12,false.,380,,
2024/12/13,19:25:16,false.,390,,
2024/12/13,19:25:20,false.,400,,
2024/12/13,19:25:25,false.,430,false,false
2024/12/13,19:25:29,false.,440,,
2024/12/13,19:25:33,false.,450,,
2024/12/13,19:25:38,false.,460,,
2024/12/13,19:25:42,false.,470,,
2024/12/13,19:25:46,false.,480,,
2024/12/13,19:25:51,false.,490,,
2024/12/13,19:25:56,false.,500,,
2024/12/13,19:26:00,true.,470,,
2024/12/13,19:26:04,true.,440,,
2024/12/13,19:26:09,true.,430,false,false
2024/12/13,19:26:13,false.,440,,
2024/12/13,19:26:17,false.,450,,
2024/12/13,19:26:21,true.,420,,
2024/12/13,19:26:26,false.,430,,
2024/12/13,19:26:30,false.,440,,
2024/12/13,19:26:35,true.,410,,
2024/12/13,19:26:39,true.,380,,
2024/12/13,19:26:44,true.,350,,
2024/12/13,19:26:49,true.,320,,
2024/12/13,19:26:53,true.,260,true,false
2024/12/13,19:26:57,true.,230,,
2024/12/13,19:27:02,false.,240,,
2024/12/13,19:27:06,false.,250,,
2024/12/13,19:27:10,false.,260,,
2024/12/13,19:27:14,false.,270,,
2024/12/13,19:27:19,false.,280,,
2024/12/13,19:27:23,false.,290,,
2024/12/13,19:27:28,false.,300,,
2024/12/13,19:27:32,false.,310,,
2024/12/13,19:27:37,false.,290,true,false
2024/12/13,19:27:41,false.,300,,
2024/12/13,19:27:46,false.,310,,
2024/12/13,19:27:50,false.,320,,
2024/12/13,19:27:55,false.,330,,
2024/12/13,19:27:59,false.,340,,
2024/12/13,19:28:03,false.,350,,
2024/12/13,19:28:08,false.,360,,
2024/12/13,19:28:12,true.,330,,
2024/12/13,19:28:16,true.,300,,
2024/12/13,19:28:20,true.,290,false,false
2024/12/13,19:28:25,true.,260,,
2024/12/13,19:28:29,true.,230,,
2024/12/13,19:28:33,true.,200,,
2024/12/13,19:28:38,false.,210,,
2024/12/13,19:28:43,false.,220,,
2024/12/13,19:28:48,false.,230,,
2024/12/13,19:28:52,false.,240,,
2024/12/13,19:28:57,false.,250,,
2024/12/13,19:29:02,false.,260,,
2024/12/13,19:29:06,false.,240,true,false
2024/12/13,19:29:10,false.,250,,
2024/12/13,19:29:15,false.,260,,
2024/12/13,19:29:19,false.,270,,
2024/12/13,19:29:24,false.,280,,
2024/12/13,19:29:28,false.,290,,
2024/12/13,19:29:32,false.,300,,
2024/12/13,19:29:37,false.,310,,
2024/12/13,19:29:42,false.,320,,
2024/12/13,19:29:46,false.,330,,
2024/12/13,19:29:50,false.,310,true,false
2024/12/13,19:29:55,false.,320,,
2024/12/13,19:29:59,false.,330,,
2024/12/13,19:30:04,true.,300,,
2024/12/13,19:30:08,true.,270,,
2024/12/13,19:30:12,true.,240,,
2024/12/13,19:30:17,true.,210,,
2024/12/13,19:30:21,true.,180,,
2024/12/13,19:30:25,true.,150,,
2024/12/13,19:30:30,false.,160,,
2024/12/13,19:30:34,false.,190,false,false
2024/12/13,19:30:39,true.,160,,
2024/12/13,19:30:43,false.,170,,
2024/12/13,19:30:48,false.,180,,
2024/12/13,19:30:52,true.,150,,
2024/12/13,19:30:57,true.,120,,
2024/12/13,19:31:01,true.,90,,
2024/12/13,19:31:05,false.,100,,
2024/12/13,19:31:10,false.,110,,
2024/12/13,19:31:14,true.,80,,
2024/12/13,19:31:19,true.,20,true,false
2024/12/13,19:31:23,true.,-10,,
2024/12/13,19:31:27,true.,-40,,
2024/12/13,19:31:31,true.,-70,,
2024/12/13,19:31:36,true.,-100,,
2024/12/13,19:31:40,true.,-130,,
2024/12/13,19:31:44,true.,-160,,
2024/12/13,19:31:48,true.,-190,,
2024/12/13,19:31:53,true.,-220,,
2024/12/13,19:31:57,false.,-210,,
2024/12/13,19:32:01,false.,-230,true,false
2024/12/13,19:32:06,true.,-260,,
2024/12/13,19:32:10,true.,-290,,
2024/12/13,19:32:15,true.,-320,,
2024/12/13,19:32:19,false.,-310,,
2024/12/13,19:32:23,false.,-300,,
2024/12/13,19:32:27,false.,-290,,
2024/12/13,19:32:32,false.,-280,,
2024/12/13,19:32:37,false.,-270,,
2024/12/13,19:32:41,false.,-260,,
2024/12/13,19:32:46,false.,-280,true,false
2024/12/13,19:32:51,false.,-270,,
2024/12/13,19:32:56,false.,-260,,
2024/12/13,19:33:00,false.,-250,,
2024/12/13,19:33:04,false.,-240,,
2024/12/13,19:33:09,false.,-230,,
2024/12/13,19:33:13,false.,-220,,
2024/12/13,19:33:17,false.,-210,,
2024/12/13,19:33:22,true.,-240,,
2024/12/13,19:33:26,true.,-270,,
2024/12/13,19:33:30,true.,-330,true,false
2024/12/13,19:33:35,true.,-360,,
2024/12/13,19:33:39,true.,-390,,
2024/12/13,19:33:44,true.,-420,,
2024/12/13,19:33:48,true.,-450,,
2024/12/13,19:33:53,true.,-480,,
2024/12/13,19:33:57,true.,-510,,
2024/12/13,19:34:02,true.,-540,,
2024/12/13,19:34:06,true.,-570,,
2024/12/13,19:34:11,true.,-600,,
2024/12/13,19:34:15,true.,-660,true,false
2024/12/13,19:34:19,true.,-690,,
2024/12/13,19:34:23,false.,-680,,
2024/12/13,19:34:28,true.,-710,,
2024/12/13,19:34:32,false.,-700,,
2024/12/13,19:34:36,false.,-690,,
2024/12/13,19:34:41,false.,-680,,
2024/12/13,19:34:45,false.,-670,,
2024/12/13,19:34:50,false.,-660,,
2024/12/13,19:34:54,false.,-650,,
2024/12/13,19:34:59,false.,-670,true,false
2024/12/13,19:35:03,false.,-660,,
2024/12/13,19:35:08,false.,-650,,
2024/12/13,19:35:12,false.,-640,,
2024/12/13,19:35:16,false.,-630,,
2024/12/13,19:35:21,false.,-620,,
2024/12/13,19:35:25,false.,-610,,
2024/12/13,19:35:29,true.,-640,,
2024/12/13,19:35:33,true.,-670,,
2024/12/13,19:35:38,false.,-660,,
2024/12/13,19:35:42,false.,-680,true,false
2024/12/13,19:35:46,true.,-710,,
2024/12/13,19:35:51,false.,-700,,
2024/12/13,19:35:55,false.,-690,,
2024/12/13,19:35:59,false.,-680,,
2024/12/13,19:36:04,false.,-670,,
2024/12/13,19:36:08,false.,-660,,
2024/12/13,19:36:12,false.,-650,,
2024/12/13,19:36:16,false.,-640,,
2024/12/13,19:36:21,false.,-630,,
2024/12/13,19:36:25,false.,-600,false,false
2024/12/13,19:36:29,false.,-590,,
2024/12/13,19:36:34,false.,-580,,
2024/12/13,19:36:38,false.,-570,,
2024/12/13,19:36:43,false.,-560,,
2024/12/13,19:36:47,false.,-550,,
2024/12/13,19:36:51,false.,-540,,
2024/12/13,19:36:56,false.,-530,,
2024/12/13,19:37:00,false.,-520,,
2024/12/13,19:37:05,false.,-510,,
2024/12/13,19:37:09,false.,-480,false,false
2024/12/13,19:37:14,true.,-510,,
2024/12/13,19:37:18,false.,-500,,
2024/12/13,19:37:22,false.,-490,,
2024/12/13,19:37:27,false.,-480,,
2024/12/13,19:37:31,false.,-470,,
2024/12/13,19:37:35,false.,-460,,
2024/12/13,19:37:39,false.,-450,,
2024/12/13,19:37:44,false.,-440,,
2024/12/13,19:37:48,false.,-430,,
2024/12/13,19:37:53,false.,-450,true,false
2024/12/13,19:37:57,false.,-440,,
2024/12/13,19:38:02,false.,-430,,
2024/12/13,19:38:06,false.,-420,,
2024/12/13,19:38:10,false.,-410,,
2024/12/13,19:38:15,false.,-400,,
2024/12/13,19:38:19,true.,-430,,
2024/12/13,19:38:24,false.,-420,,
2024/12/13,19:38:28,false.,-410,,
2024/12/13,19:38:33,false.,-400,,
2024/12/13,19:38:37,false.,-420,true,false
2024/12/13,19:38:41,false.,-410,,
2024/12/13,19:38:46,false.,-400,,
2024/12/13,19:38:50,true.,-430,,
2024/12/13,19:38:55,true.,-460,,
2024/12/13,19:38:59,false.,-450,,
2024/12/13,19:39:03,true.,-480,,
2024/12/13,19:39:08,false.,-470,,
2024/12/13,19:39:12,false.,-460,,
2024/12/13,19:39:16,false.,-450,,
2024/12/13,19:39:20,false.,-470,true,false
2024/12/13,19:39:25,true.,-500,,
2024/12/13,19:39:30,false.,-490,,
2024/12/13,19:39:34,false.,-480,,
2024/12/13,19:39:38,false.,-470,,
2024/12/13,19:39:43,false.,-460,,
2024/12/13,19:39:47,false.,-450,,
2024/12/13,19:39:52,false.,-440,,
2024/12/13,19:39:57,false.,-430,,
2024/12/13,19:40:01,false.,-420,,
2024/12/13,19:40:05,false.,-440,true,false
2024/12/13,19:40:10,false.,-430,,
2024/12/13,19:40:14,false.,-420,,
2024/12/13,19:40:18,false.,-410,,
2024/12/13,19:40:23,true.,-440,,
2024/12/13,19:40:27,false.,-430,,
2024/12/13,19:40:32,false.,-420,,
2024/12/13,19:40:36,false.,-410,,
2024/12/13,19:40:40,true.,-440,,
2024/12/13,19:40:44,false.,-430,,
2024/12/13,19:40:49,false.,-400,false,false
2024/12/13,19:40:53,false.,-390,,
2024/12/13,19:40:58,false.,-380,,
2024/12/13,19:41:02,false.,-370,,
2024/12/13,19:41:07,false.,-360,,
2024/12/13,19:41:11,true.,-390,,
2024/12/13,19:41:16,true.,-420,,
2024/12/13,19:41:20,true.,-450,,
2024/12/13,19:41:24,true.,-480,,
2024/12/13,19:41:29,true.,-510,,
2024/12/13,19:41:33,true.,-570,true,false
2024/12/13,19:41:38,true.,-600,,
2024/12/13,19:41:42,true.,-630,,
2024/12/13,19:41:47,false.,-620,,
2024/12/13,19:41:51,false.,-610,,
2024/12/13,19:41:55,false.,-600,,
2024/12/13,19:42:00,false.,-590,,
2024/12/13,19:42:04,false.,-580,,
2024/12/13,19:42:09,false.,-570,,
2024/12/13,19:42:13,false.,-560,,
2024/12/13,19:42:18,false.,-530,false,false
2024/12/13,19:42:22,false.,-520,,
2024/12/13,19:42:27,false.,-510,,
2024/12/13,19:42:31,false.,-500,,
2024/12/13,19:42:36,false.,-490,,
2024/12/13,19:42:40,false.,-480,,
2024/12/13,19:42:44,false.,-470,,
2024/12/13,19:42:49,false.,-460,,
2024/12/13,19:42:54,false.,-450,,
2024/12/13,19:42:58,false.,-440,,
2024/12/13,19:43:02,false.,-460,true,false
2024/12/13,19:43:07,true.,-490,,
2024/12/13,19:43:11,true.,-520,,
2024/12/13,19:43:15,false.,-510,,
2024/12/13,19:43:20,true.,-540,,
2024/12/13,19:43:24,false.,-530,,
2024/12/13,19:43:29,false.,-520,,
2024/12/13,19:43:33,false.,-510,,
2024/12/13,19:43:38,false.,-500,,
2024/12/13,19:43:42,false.,-490,,
2024/12/13,19:43:46,false.,-510,true,false
2024/12/13,19:43:51,false.,-500,,
2024/12/13,19:43:56,false.,-490,,
2024/12/13,19:44:00,false.,-480,,
2024/12/13,19:44:04,false.,-470,,
2024/12/13,19:44:09,false.,-460,,
2024/12/13,19:44:13,false.,-450,,
2024/12/13,19:44:17,true.,-480,,
2024/12/13,19:44:22,true.,-510,,
2024/12/13,19:44:27,true.,-540,,
2024/12/13,19:44:31,false.,-560,true,false
2024/12/13,19:44:35,false.,-550,,
2024/12/13,19:44:39,false.,-540,,
2024/12/13,19:44:44,false.,-530,,
2024/12/13,19:44:48,false.,-520,,
2024/12/13,19:44:53,true.,-550,,
2024/12/13,19:44:57,false.,-540,,
2024/12/13,19:45:01,false.,-530,,
2024/12/13,19:45:06,false.,-520,,
2024/12/13,19:45:10,true.,-550,,
2024/12/13,19:45:14,false.,-570,true,false
2024/12/13,19:45:19,false.,-560,,
2024/12/13,19:45:23,false.,-550,,
2024/12/13,19:45:27,false.,-540,,
2024/12/13,19:45:32,false.,-530,,
2024/12/13,19:45:36,true.,-560,,
2024/12/13,19:45:40,false.,-550,,
2024/12/13,19:45:45,false.,-540,,
2024/12/13,19:45:49,false.,-530,,
2024/12/13,19:45:54,false.,-520,,
2024/12/13,19:45:58,false.,-540,true,false
2024/12/13,19:46:02,false.,-530,,
2024/12/13,19:46:07,false.,-520,,
2024/12/13,19:46:11,false.,-510,,
2024/12/13,19:46:15,false.,-500,,
2024/12/13,19:46:20,false.,-490,,
2024/12/13,19:46:24,false.,-480,,
2024/12/13,19:46:29,true.,-510,,
2024/12/13,19:46:33,true.,-540,,
2024/12/13,19:46:37,true.,-570,,
2024/12/13,19:46:42,true.,-630,true,false
2024/12/13,19:46:46,true.,-660,,
2024/12/13,19:46:50,false.,-650,,
2024/12/13,19:46:55,true.,-680,,
2024/12/13,19:46:59,false.,-670,,
2024/12/13,19:47:03,true.,-700,,
2024/12/13,19:47:08,true.,-730,,
2024/12/13,19:47:12,false.,-720,,
2024/12/13,19:47:17,true.,-750,,
2024/12/13,19:47:21,true.,-780,,
2024/12/13,19:47:26,true.,-840,true,false
2024/12/13,19:47:30,false.,-830,,
2024/12/13,19:47:35,false.,-820,,
2024/12/13,19:47:39,false.,-810,,
2024/12/13,19:47:43,false.,-800,,
2024/12/13,19:47:47,false.,-790,,
2024/12/13,19:47:52,false.,-780,,
2024/12/13,19:47:56,false.,-770,,
2024/12/13,19:48:00,false.,-760,,
2024/12/13,19:48:04,false.,-750,,
2024/12/13,19:48:09,false.,-770,true,false
2024/12/13,19:48:13,false.,-760,,
2024/12/13,19:48:17,false.,-750,,
2024/12/13,19:48:22,false.,-740,,
2024/12/13,19:48:28,true.,-770,,
2024/12/13,19:48:32,true.,-800,,
2024/12/13,19:48:37,true.,-830,,
2024/12/13,19:48:41,false.,-820,,
2024/12/13,19:48:46,false.,-810,,
2024/12/13,19:48:51,false.,-800,,
2024/12/13,19:48:56,true.,-860,true,false
2024/12/13,19:49:00,false.,-850,,
2024/12/13,19:49:05,false.,-840,,
2024/12/13,19:49:09,true.,-870,,
2024/12/13,19:49:13,false.,-860,,
2024/12/13,19:49:17,true.,-890,,
2024/12/13,19:49:22,true.,-920,,
2024/12/13,19:49:26,false.,-910,,
2024/12/13,19:49:30,false.,-900,,
2024/12/13,19:49:35,true.,-930,,
2024/12/13,19:49:39,false.,-950,true,false
2024/12/13,19:49:43,false.,-940,,
2024/12/13,19:49:47,false.,-930,,
2024/12/13,19:49:51,true.,-960,,
2024/12/13,19:49:55,false.,-950,,
2024/12/13,19:50:00,false.,-940,,
2024/12/13,19:50:04,true.,-970,,
2024/12/13,19:50:08,true.,-1000,,
2024/12/13,19:50:13,true.,-1030,,
2024/12/13,19:50:17,false.,-1020,,
2024/12/13,19:50:22,true.,-1080,true,false
2024/12/13,19:50:26,false.,-1070,,
2024/12/13,19:50:31,true.,-1100,,
2024/12/13,19:50:35,false.,-1090,,
2024/12/13,19:50:40,false.,-1080,,
2024/12/13,19:50:44,false.,-1070,,
2024/12/13,19:50:48,false.,-1060,,
2024/12/13,19:50:53,false.,-1050,,
2024/12/13,19:50:57,false.,-1040,,
2024/12/13,19:51:02,false.,-1030,,
2024/12/13,19:51:06,false.,-1050,true,false
2024/12/13,19:51:10,false.,-1040,,
2024/12/13,19:51:14,false.,-1030,,
2024/12/13,19:51:19,false.,-1020,,
2024/12/13,19:51:23,false.,-1010,,
2024/12/13,19:51:27,true.,-1040,,
2024/12/13,19:51:31,false.,-1030,,
2024/12/13,19:51:36,true.,-1060,,
2024/12/13,19:51:40,true.,-1090,,
2024/12/13,19:51:44,true.,-1120,,
2024/12/13,19:51:48,true.,-1130,false,false
2024/12/13,19:51:52,true.,-1160,,
2024/12/13,19:51:57,true.,-1190,,
2024/12/13,19:52:01,false.,-1180,,
2024/12/13,19:52:05,true.,-1210,,
2024/12/13,19:52:09,false.,-1200,,
2024/12/13,19:52:14,false.,-1190,,
2024/12/13,19:52:18,false.,-1180,,
2024/12/13,19:52:22,true.,-1210,,
2024/12/13,19:52:26,true.,-1240,,
2024/12/13,19:52:30,true.,-1300,true,false
2024/12/13,19:52:35,true.,-1330,,
2024/12/13,19:52:39,true.,-1360,,
2024/12/13,19:52:43,true.,-1390,,
2024/12/13,19:52:47,true.,-1420,,
2024/12/13,19:52:51,true.,-1450,,
2024/12/13,19:52:56,false.,-1440,,
2024/12/13,19:53:00,false.,-1430,,
2024/12/13,19:53:04,false.,-1420,,
2024/12/13,19:53:08,false.,-1410,,
2024/12/13,19:53:12,false.,-1380,false,false
2024/12/13,19:53:17,false.,-1370,,
2024/12/13,19:53:21,false.,-1360,,
2024/12/13,19:53:25,false.,-1350,,
2024/12/13,19:53:29,false.,-1340,,
2024/12/13,19:53:34,false.,-1330,,
2024/12/13,19:53:38,false.,-1320,,
2024/12/13,19:53:42,false.,-1310,,
2024/12/13,19:53:46,false.,-1300,,
2024/12/13,19:53:51,false.,-1290,,
2024/12/13,19:53:55,false.,-1310,true,false
2024/12/13,19:53:59,true.,-1340,,
2024/12/13,19:54:04,true.,-1370,,
2024/12/13,19:54:08,true.,-1400,,
2024/12/13,19:54:12,true.,-1430,,
2024/12/13,19:54:16,false.,-1420,,
2024/12/13,19:54:21,false.,-1410,,
2024/12/13,19:54:25,true.,-1440,,
2024/12/13,19:54:29,true.,-1470,,
2024/12/13,19:54:33,true.,-1500,,
2024/12/13,19:54:38,true.,-1560,true,false
2024/12/13,19:54:42,true.,-1590,,
2024/12/13,19:54:47,true.,-1620,,
2024/12/13,19:54:51,true.,-1650,,
2024/12/13,19:54:56,false.,-1640,,
2024/12/13,19:55:00,false.,-1630,,
2024/12/13,19:55:04,false.,-1620,,
2024/12/13,19:55:09,false.,-1610,,
2024/12/13,19:55:13,false.,-1600,,
2024/12/13,19:55:17,true.,-1630,,
2024/12/13,19:55:22,false.,-1650,true,false
2024/12/13,19:55:26,false.,-1640,,
2024/12/13,19:55:31,false.,-1630,,
2024/12/13,19:55:35,false.,-1620,,
2024/12/13,19:55:39,false.,-1610,,
2024/12/13,19:55:44,false.,-1600,,
2024/12/13,19:55:48,true.,-1630,,
2024/12/13,19:55:52,false.,-1620,,
2024/12/13,19:55:57,true.,-1650,,
2024/12/13,19:56:01,false.,-1640,,
2024/12/13,19:56:06,true.,-1700,true,false
2024/12/13,19:56:10,false.,-1690,,
2024/12/13,19:56:15,false.,-1680,,
2024/12/13,19:56:19,true.,-1710,,
2024/12/13,19:56:23,true.,-1740,,
2024/12/13,19:56:28,false.,-1730,,
2024/12/13,19:56:32,true.,-1760,,
2024/12/13,19:56:37,false.,-1750,,
2024/12/13,19:56:41,false.,-1740,,
2024/12/13,19:56:45,false.,-1730,,
2024/12/13,19:56:50,false.,-1750,true,false
2024/12/13,19:56:54,false.,-1740,,
2024/12/13,19:56:59,false.,-1730,,
2024/12/13,19:57:03,false.,-1720,,
2024/12/13,19:57:07,true.,-1750,,
2024/12/13,19:57:12,false.,-1740,,
2024/12/13,19:57:16,false.,-1730,,
2024/12/13,19:57:21,false.,-1720,,
2024/12/13,19:57:25,false.,-1710,,
2024/12/13,19:57:29,false.,-1700,,
2024/12/13,19:57:34,true.,-1760,true,false
2024/12/13,19:57:38,false.,-1750,,
2024/12/13,19:57:42,false.,-1740,,
2024/12/13,19:57:47,true.,-1770,,
2024/12/13,19:57:51,true.,-1800,,
2024/12/13,19:57:56,true.,-1830,,
2024/12/13,19:58:00,true.,-1860,,
2024/12/13,19:58:04,true.,-1890,,
2024/12/13,19:58:08,false.,-1880,,
2024/12/13,19:58:13,false.,-1870,,
2024/12/13,19:58:17,false.,-1890,true,false
2024/12/13,19:58:21,false.,-1880,,
2024/12/13,19:58:26,false.,-1870,,
2024/12/13,19:58:30,false.,-1860,,
2024/12/13,19:58:34,false.,-1850,,
2024/12/13,19:58:39,false.,-1840,,
2024/12/13,19:58:43,false.,-1830,,
2024/12/13,19:58:47,false.,-1820,,
2024/12/13,19:58:52,false.,-1810,,
2024/12/13,19:58:56,false.,-1800,,
2024/12/13,19:59:00,false.,-1820,true,false
2024/12/13,19:59:05,false.,-1810,,
2024/12/13,19:59:09,false.,-1800,,
2024/12/13,19:59:13,false.,-1790,,
2024/12/13,19:59:18,false.,-1780,,
2024/12/13,19:59:22,false.,-1770,,
2024/12/13,19:59:26,false.,-1760,,
2024/12/13,19:59:31,false.,-1750,,
2024/12/13,19:59:35,false.,-1740,,
2024/12/13,19:59:40,false.,-1730,,
2024/12/13,19:59:44,false.,-1750,true,false
2024/12/13,19:59:49,false.,-1740,,
2024/12/13,19:59:53,false.,-1730,,
2024/12/13,19:59:57,false.,-1720,,
2024/12/13,20:00:02,false.,-1710,,
2024/12/13,20:00:06,false.,-1700,,
2024/12/13,20:00:11,false.,-1690,,
2024/12/13,20:00:15,false.,-1680,,
2024/12/13,20:00:19,false.,-1670,,
2024/12/13,20:00:24,false.,-1660,,
2024/12/13,20:00:28,false.,-1680,true,false
2024/12/13,20:00:32,false.,-1670,,
2024/12/13,20:00:37,true.,-1700,,
2024/12/13,20:00:41,false.,-1690,,
2024/12/13,20:00:46,true.,-1720,,
2024/12/13,20:00:50,false.,-1710,,
2024/12/13,20:00:54,false.,-1700,,
2024/12/13,20:00:59,false.,-1690,,
2024/12/13,20:01:03,false.,-1680,,
2024/12/13,20:01:07,false.,-1670,,
2024/12/13,20:01:12,false.,-1690,true,false
2024/12/13,20:01:16,false.,-1680,,
2024/12/13,20:01:20,false.,-1670,,
2024/12/13,20:01:25,true.,-1700,,
2024/12/13,20:01:29,false.,-1690,,
2024/12/13,20:01:33,false.,-1680,,
2024/12/13,20:01:38,false.,-1670,,
2024/12/13,20:01:42,true.,-1700,,
2024/12/13,20:01:47,false.,-1690,,
2024/12/13,20:01:51,false.,-1680,,
2024/12/13,20:01:55,false.,-1700,true,false
2024/12/13,20:02:00,false.,-1690,,
2024/12/13,20:02:04,false.,-1680,,
2024/12/13,20:02:09,false.,-1670,,
2024/12/13,20:02:13,false.,-1660,,
2024/12/13,20:02:17,false.,-1650,,
2024/12/13,20:02:22,false.,-1640,,
2024/12/13,20:02:26,false.,-1630,,
2024/12/13,20:02:30,false.,-1620,,
2024/12/13,20:02:35,false.,-1610,,
2024/12/13,20:02:39,false.,-1630,true,false
2024/12/13,20:02:44,false.,-1620,,
2024/12/13,20:02:48,false.,-1610,,
2024/12/13,20:02:53,false.,-1600,,
2024/12/13,20:02:57,false.,-1590,,
2024/12/13,20:03:02,false.,-1580,,
2024/12/13,20:03:06,false.,-1570,,
2024/12/13,20:03:10,false.,-1560,,
2024/12/13,20:03:15,false.,-1550,,
2024/12/13,20:03:19,false.,-1540,,
2024/12/13,20:03:23,false.,-1560,true,false
2024/12/13,20:03:28,true.,-1590,,
2024/12/13,20:03:32,false.,-1580,,
2024/12/13,20:03:37,true.,-1610,,
2024/12/13,20:03:41,false.,-1600,,
2024/12/13,20:03:46,true.,-1630,,
2024/12/13,20:03:50,false.,-1620,,
2024/12/13,20:03:55,false.,-1610,,
2024/12/13,20:03:59,false.,-1600,,
2024/12/13,20:04:03,false.,-1590,,
2024/12/13,20:04:07,false.,-1610,true,false
2024/12/13,20:04:12,false.,-1600,,
2024/12/13,20:04:16,false.,-1590,,
2024/12/13,20:04:20,false.,-1580,,
2024/12/13,20:04:25,false.,-1570,,
2024/12/13,20:04:29,false.,-1560,,
2024/12/13,20:04:34,false.,-1550,,
2024/12/13,20:04:38,false.,-1540,,
2024/12/13,20:04:42,false.,-1530,,
2024/12/13,20:04:47,false.,-1520,,
2024/12/13,20:04:51,false.,-1540,true,false
2024/12/13,20:04:55,false.,-1530,,
2024/12/13,20:05:00,false.,-1520,,
2024/12/13,20:05:04,false.,-1510,,
2024/12/13,20:05:09,false.,-1500,,
2024/12/13,20:05:13,false.,-1490,,
2024/12/13,20:05:17,false.,-1480,,
2024/12/13,20:05:21,false.,-1470,,
2024/12/13,20:05:26,false.,-1460,,
2024/12/13,20:05:30,false.,-1450,,
2024/12/13,20:05:35,false.,-1470,true,false
2024/12/13,20:05:39,false.,-1460,,
2024/12/13,20:05:44,true.,-1490,,
2024/12/13,20:05:48,false.,-1480,,
2024/12/13,20:05:52,false.,-1470,,
2024/12/13,20:05:57,false.,-1460,,
2024/12/13,20:06:01,false.,-1450,,
2024/12/13,20:06:05,false.,-1440,,
2024/12/13,20:06:10,false.,-1430,,
2024/12/13,20:06:14,false.,-1420,,
2024/12/13,20:06:19,false.,-1440,true,false
2024/12/13,20:06:23,false.,-1430,,
2024/12/13,20:06:27,false.,-1420,,
2024/12/13,20:06:31,false.,-1410,,
2024/12/13,20:06:36,true.,-1440,,
2024/12/13,20:06:40,false.,-1430,,
2024/12/13,20:06:45,false.,-1420,,
2024/12/13,20:06:49,false.,-1410,,
2024/12/13,20:06:54,false.,-1400,,
2024/12/13,20:06:58,false.,-1390,,
2024/12/13,20:07:02,false.,-1410,true,false
2024/12/13,20:07:07,false.,-1400,,
2024/12/13,20:07:11,false.,-1390,,
2024/12/13,20:07:15,false.,-1380,,
2024/12/13,20:07:20,false.,-1370,,
2024/12/13,20:07:24,false.,-1360,,
2024/12/13,20:07:28,false.,-1350,,
2024/12/13,20:07:33,false.,-1340,,
2024/12/13,20:07:37,false.,-1330,,
2024/12/13,20:07:41,false.,-1320,,
2024/12/13,20:07:45,false.,-1340,true,false
2024/12/13,20:07:50,false.,-1330,,
2024/12/13,20:07:54,false.,-1320,,
2024/12/13,20:07:59,false.,-1310,,
2024/12/13,20:08:03,true.,-1340,,
2024/12/13,20:08:07,false.,-1330,,
2024/12/13,20:08:12,false.,-1320,,
2024/12/13,20:08:16,false.,-1310,,
2024/12/13,20:08:20,false.,-1300,,
2024/12/13,20:08:25,true.,-1330,,
2024/12/13,20:08:29,false.,-1350,true,false
2024/12/13,20:08:34,false.,-1340,,
2024/12/13,20:08:38,true.,-1370,,
2024/12/13,20:08:42,false.,-1360,,
2024/12/13,20:08:47,false.,-1350,,
2024/12/13,20:08:51,false.,-1340,,
2024/12/13,20:08:55,false.,-1330,,
2024/12/13,20:09:00,false.,-1320,,
2024/12/13,20:09:04,false.,-1310,,
2024/12/13,20:09:09,false.,-1300,,
2024/12/13,20:09:13,false.,-1320,true,false
2024/12/13,20:09:17,false.,-1310,,
2024/12/13,20:09:22,false.,-1300,,
2024/12/13,20:09:26,false.,-1290,,
2024/12/13,20:09:30,false.,-1280,,
2024/12/13,20:09:35,false.,-1270,,
2024/12/13,20:09:39,false.,-1260,,
2024/12/13,20:09:44,false.,-1250,,
2024/12/13,20:09:48,false.,-1240,,
2024/12/13,20:09:52,false.,-1230,,
2024/12/13,20:09:57,false.,-1250,true,false
2024/12/13,20:10:01,false.,-1240,,
2024/12/13,20:10:05,false.,-1230,,
2024/12/13,20:10:10,false.,-1220,,
2024/12/13,20:10:14,false.,-1210,,
2024/12/13,20:10:19,false.,-1200,,
2024/12/13,20:10:23,false.,-1190,,
2024/12/13,20:10:27,false.,-1180,,
2024/12/13,20:10:32,false.,-1170,,
2024/12/13,20:10:36,false.,-1160,,
2024/12/13,20:10:41,false.,-1180,true,false
2024/12/13,20:10:45,false.,-1170,,
2024/12/13,20:10:49,false.,-1160,,
2024/12/13,20:10:54,false.,-1150,,
2024/12/13,20:10:58,false.,-1140,,
2024/12/13,20:11:02,false.,-1130,,
2024/12/13,20:11:07,false.,-1120,,
2024/12/13,20:11:11,false.,-1110,,
2024/12/13,20:11:15,false.,-1100,,
2024/12/13,20:11:20,false.,-1090,,
2024/12/13,20:11:24,false.,-1110,true,false
2024/12/13,20:11:28,false.,-1100,,
2024/12/13,20:11:33,false.,-1090,,
2024/12/13,20:11:37,false.,-1080,,
2024/12/13,20:11:41,false.,-1070,,
2024/12/13,20:11:46,false.,-1060,,
2024/12/13,20:11:50,false.,-1050,,
2024/12/13,20:11:55,false.,-1040,,
2024/12/13,20:12:00,false.,-1030,,
2024/12/13,20:12:04,false.,-1020,,
2024/12/13,20:12:08,false.,-1040,true,false
2024/12/13,20:12:13,true.,-1070,,
2024/12/13,20:12:17,false.,-1060,,
2024/12/13,20:12:22,false.,-1050,,
2024/12/13,20:12:26,false.,-1040,,
2024/12/13,20:12:30,false.,-1030,,
2024/12/13,20:12:34,false.,-1020,,
2024/12/13,20:12:39,false.,-1010,,
2024/12/13,20:12:43,false.,-1000,,
2024/12/13,20:12:48,false.,-990,,
2024/12/13,20:12:52,false.,-1010,true,false
2024/12/13,20:12:57,false.,-1000,,
2024/12/13,20:13:01,false.,-990,,
2024/12/13,20:13:05,false.,-980,,
2024/12/13,20:13:09,false.,-970,,
2024/12/13,20:13:14,false.,-960,,
2024/12/13,20:13:18,false.,-950,,
2024/12/13,20:13:23,false.,-940,,
2024/12/13,20:13:27,false.,-930,,
2024/12/13,20:13:31,false.,-920,,
2024/12/13,20:13:36,false.,-940,true,false
2024/12/13,20:13:40,false.,-930,,
2024/12/13,20:13:45,false.,-920,,
2024/12/13,20:13:50,false.,-910,,
2024/12/13,20:13:54,false.,-900,,
2024/12/13,20:13:58,false.,-890,,
2024/12/13,20:14:03,false.,-880,,
2024/12/13,20:14:07,false.,-870,,
2024/12/13,20:14:11,true.,-900,,
2024/12/13,20:14:16,false.,-890,,
2024/12/13,20:14:20,false.,-910,true,false
2024/12/13,20:14:25,false.,-900,,
2024/12/13,20:14:29,false.,-890,,
2024/12/13,20:14:34,true.,-920,,
2024/12/13,20:14:38,true.,-950,,
2024/12/13,20:14:43,false.,-940,,
2024/12/13,20:14:47,false.,-930,,
2024/12/13,20:14:52,false.,-920,,
2024/12/13,20:14:56,false.,-910,,
2024/12/13,20:15:00,false.,-900,,
2024/12/13,20:15:04,false.,-980,true,true
2024/12/13,20:15:09,false.,-970,,
2024/12/13,20:15:13,false.,-960,,
2024/12/13,20:15:18,false.,-950,,
2024/12/13,20:15:22,false.,-940,,
2024/12/13,20:15:26,false.,-930,,
2024/12/13,20:15:31,false.,-920,,
2024/12/13,20:15:35,false.,-910,,
2024/12/13,20:15:40,false.,-900,,
2024/12/13,20:15:44,false.,-890,,
2024/12/13,20:15:49,false.,-860,false,false
2024/12/13,20:15:53,false.,-850,,
2024/12/13,20:15:57,false.,-840,,
2024/12/13,20:16:02,false.,-830,,
2024/12/13,20:16:06,false.,-820,,
2024/12/13,20:16:11,false.,-810,,
2024/12/13,20:16:15,false.,-800,,
2024/12/13,20:16:20,false.,-790,,
2024/12/13,20:16:24,false.,-780,,
2024/12/13,20:16:28,false.,-770,,
2024/12/13,20:16:32,false.,-790,true,false
2024/12/13,20:16:37,false.,-780,,
2024/12/13,20:16:41,false.,-770,,
2024/12/13,20:16:46,false.,-760,,
2024/12/13,20:16:50,false.,-750,,
2024/12/13,20:16:55,false.,-740,,
2024/12/13,20:16:59,false.,-730,,
2024/12/13,20:17:04,false.,-720,,
2024/12/13,20:17:08,false.,-710,,
2024/12/13,20:17:12,false.,-700,,
2024/12/13,20:17:17,false.,-720,true,false
2024/12/13,20:17:21,false.,-710,,
2024/12/13,20:17:25,false.,-700,,
2024/12/13,20:17:30,false.,-690,,
2024/12/13,20:17:35,false.,-680,,
2024/12/13,20:17:39,false.,-670,,
2024/12/13,20:17:44,false.,-660,,
2024/12/13,20:17:48,false.,-650,,
2024/12/13,20:17:53,false.,-640,,
2024/12/13,20:17:57,false.,-630,,
2024/12/13,20:18:02,false.,-650,true,false
2024/12/13,20:18:07,false.,-640,,
2024/12/13,20:18:11,false.,-630,,
2024/12/13,20:18:16,false.,-620,,
2024/12/13,20:18:20,false.,-610,,
2024/12/13,20:18:25,false.,-600,,
2024/12/13,20:18:29,false.,-590,,
2024/12/13,20:18:33,false.,-580,,
2024/12/13,20:18:38,false.,-570,,
2024/12/13,20:18:42,false.,-560,,
2024/12/13,20:18:46,false.,-580,true,false
2024/12/13,20:18:50,false.,-570,,
2024/12/13,20:18:55,false.,-560,,
2024/12/13,20:18:59,false.,-550,,
2024/12/13,20:19:04,false.,-540,,
2024/12/13,20:19:08,false.,-530,,
2024/12/13,20:19:13,false.,-520,,
2024/12/13,20:19:17,false.,-510,,
2024/12/13,20:19:21,false.,-500,,
2024/12/13,20:19:26,false.,-490,,
2024/12/13,20:19:30,false.,-510,true,false
2024/12/13,20:19:35,false.,-500,,
2024/12/13,20:19:40,false.,-490,,
2024/12/13,20:19:44,false.,-480,,
2024/12/13,20:19:48,false.,-470,,
2024/12/13,20:19:52,false.,-460,,
2024/12/13,20:19:57,false.,-450,,
2024/12/13,20:20:01,false.,-440,,
2024/12/13,20:20:05,false.,-430,,
2024/12/13,20:20:10,false.,-420,,
2024/12/13,20:20:14,false.,-390,false,false
2024/12/13,20:20:18,false.,-380,,
2024/12/13,20:20:22,false.,-370,,
2024/12/13,20:20:27,true.,-400,,
2024/12/13,20:20:31,false.,-390,,
2024/12/13,20:20:36,false.,-380,,
2024/12/13,20:20:40,false.,-370,,
2024/12/13,20:20:44,false.,-360,,
2024/12/13,20:20:48,false.,-350,,
2024/12/13,20:20:53,false.,-340,,
2024/12/13,20:20:57,false.,-360,true,false
2024/12/13,20:21:01,false.,-350,,
2024/12/13,20:21:06,false.,-340,,
2024/12/13,20:21:10,false.,-330,,
2024/12/13,20:21:14,false.,-320,,
2024/12/13,20:21:19,false.,-310,,
2024/12/13,20:21:23,false.,-300,,
2024/12/13,20:21:27,false.,-290,,
2024/12/13,20:21:32,false.,-280,,
2024/12/13,20:21:36,false.,-270,,
2024/12/13,20:21:41,false.,-290,true,false
2024/12/13,20:21:45,false.,-280,,
2024/12/13,20:21:49,false.,-270,,
2024/12/13,20:21:54,true.,-300,,
2024/12/13,20:21:58,false.,-290,,
2024/12/13,20:22:03,false.,-280,,
2024/12/13,20:22:07,false.,-270,,
2024/12/13,20:22:11,false.,-260,,
2024/12/13,20:22:16,false.,-250,,
2024/12/13,20:22:20,false.,-240,,
2024/12/13,20:22:25,false.,-320,true,true
2024/12/13,20:22:29,false.,-310,,
2024/12/13,20:22:33,false.,-300,,
2024/12/13,20:22:38,false.,-290,,
2024/12/13,20:22:42,false.,-280,,
2024/12/13,20:22:46,false.,-270,,
2024/12/13,20:22:50,false.,-260,,
2024/12/13,20:22:55,false.,-250,,
2024/12/13,20:22:59,false.,-240,,
2024/12/13,20:23:04,false.,-230,,
2024/12/13,20:23:08,false.,-260,false,true
2024/12/13,20:23:12,false.,-250,,
2024/12/13,20:23:17,false.,-240,,
2024/12/13,20:23:21,false.,-230,,
2024/12/13,20:23:25,false.,-220,,
2024/12/13,20:23:30,false.,-210,,
2024/12/13,20:23:34,false.,-200,,
2024/12/13,20:23:38,false.,-190,,
2024/12/13,20:23:43,false.,-180,,
2024/12/13,20:23:47,false.,-170,,
2024/12/13,20:23:51,false.,-190,true,false
2024/12/13,20:23:56,false.,-180,,
2024/12/13,20:24:00,true.,-210,,
2024/12/13,20:24:04,false.,-200,,
2024/12/13,20:24:09,false.,-190,,
2024/12/13,20:24:13,false.,-180,,
2024/12/13,20:24:17,false.,-170,,
2024/12/13,20:24:22,false.,-160,,
2024/12/13,20:24:26,false.,-150,,
2024/12/13,20:24:31,false.,-140,,
2024/12/13,20:24:35,false.,-160,true,false
2024/12/13,20:24:40,false.,-150,,
2024/12/13,20:24:44,false.,-140,,
2024/12/13,20:24:49,false.,-130,,
2024/12/13,20:24:53,false.,-120,,
2024/12/13,20:24:57,false.,-110,,
2024/12/13,20:25:02,false.,-100,,
2024/12/13,20:25:06,false.,-90,,
2024/12/13,20:25:11,false.,-80,,
2024/12/13,20:25:15,false.,-70,,
2024/12/13,20:25:19,false.,-90,true,false
2024/12/13,20:25:24,false.,-80,,
2024/12/13,20:25:28,false.,-70,,
2024/12/13,20:25:33,false.,-60,,
2024/12/13,20:25:37,false.,-50,,
2024/12/13,20:25:42,false.,-40,,
2024/12/13,20:25:46,false.,-30,,
2024/12/13,20:25:50,false.,-20,,
2024/12/13,20:25:55,false.,-10,,
2024/12/13,20:25:59,false.,0,,
2024/12/13,20:26:04,false.,-20,true,false
2024/12/13,20:26:08,true.,-50,,
2024/12/13,20:26:13,false.,-40,,
2024/12/13,20:26:17,false.,-30,,
2024/12/13,20:26:22,false.,-20,,
2024/12/13,20:26:26,false.,-10,,
2024/12/13,20:26:31,false.,0,,
2024/12/13,20:26:35,false.,10,,
2024/12/13,20:26:39,false.,20,,
2024/12/13,20:26:44,false.,30,,
2024/12/13,20:26:48,false.,10,true,false
2024/12/13,20:26:53,false.,20,,
2024/12/13,20:26:57,false.,30,,
2024/12/13,20:27:02,false.,40,,
2024/12/13,20:27:06,false.,50,,
2024/12/13,20:27:10,false.,60,,
2024/12/13,20:27:14,false.,70,,
2024/12/13,20:27:19,false.,80,,
2024/12/13,20:27:24,false.,90,,
2024/12/13,20:27:28,false.,100,,
2024/12/13,20:27:32,false.,80,true,false
2024/12/13,20:27:36,false.,90,,
2024/12/13,20:27:41,false.,100,,
2024/12/13,20:27:45,false.,110,,
2024/12/13,20:27:49,false.,120,,
2024/12/13,20:27:53,false.,130,,
2024/12/13,20:27:58,false.,140,,
2024/12/13,20:28:02,false.,150,,
2024/12/13,20:28:07,false.,160,,
2024/12/13,20:28:12,false.,170,,
2024/12/13,20:28:16,false.,150,true,false
2024/12/13,20:28:20,false.,160,,
2024/12/13,20:28:24,false.,170,,
2024/12/13,20:28:29,false.,180,,
2024/12/13,20:28:33,false.,190,,
2024/12/13,20:28:38,false.,200,,
2024/12/13,20:28:42,false.,210,,
2024/12/13,20:28:47,true.,180,,
2024/12/13,20:28:51,false.,190,,
2024/12/13,20:28:55,false.,200,,
2024/12/13,20:29:00,false.,180,true,false
2024/12/13,20:29:04,false.,190,,
2024/12/13,20:29:08,false.,200,,
2024/12/13,20:29:13,false.,210,,
2024/12/13,20:29:17,false.,220,,
2024/12/13,20:29:22,false.,230,,
2024/12/13,20:29:26,false.,240,,
2024/12/13,20:29:30,true.,210,,
2024/12/13,20:29:35,false.,220,,
2024/12/13,20:29:40,false.,230,,
2024/12/13,20:29:44,false.,210,true,false
2024/12/13,20:29:48,false.,220,,
2024/12/13,20:29:53,false.,230,,
2024/12/13,20:29:57,false.,240,,
2024/12/13,20:30:02,false.,250,,
2024/12/13,20:30:07,false.,260,,
2024/12/13,20:30:11,false.,270,,
2024/12/13,20:30:15,false.,280,,
2024/12/13,20:30:19,true.,250,,
2024/12/13,20:30:24,true.,220,,
2024/12/13,20:30:28,false.,200,true,false
2024/12/13,20:30:33,false.,210,,
2024/12/13,20:30:37,false.,220,,
2024/12/13,20:30:41,false.,230,,
2024/12/13,20:30:45,false.,240,,
2024/12/13,20:30:50,false.,250,,
2024/12/13,20:30:54,false.,260,,
2024/12/13,20:30:58,false.,270,,
2024/12/13,20:31:03,false.,280,,
2024/12/13,20:31:07,false.,290,,
2024/12/13,20:31:11,false.,270,true,false
2024/12/13,20:31:15,false.,280,,
2024/12/13,20:31:19,false.,290,,
2024/12/13,20:31:24,false.,300,,
2024/12/13,20:31:28,true.,270,,
2024/12/13,20:31:33,false.,280,,
2024/12/13,20:31:37,false.,290,,
2024/12/13,20:31:41,false.,300,,
2024/12/13,20:31:46,false.,310,,
2024/12/13,20:31:50,false.,320,,
2024/12/13,20:31:54,false.,300,true,false
2024/12/13,20:31:59,false.,310,,
2024/12/13,20:32:03,false.,320,,
2024/12/13,20:32:07,false.,330,,
2024/12/13,20:32:11,false.,340,,
2024/12/13,20:32:16,false.,350,,
2024/12/13,20:32:20,false.,360,,
2024/12/13,20:32:24,false.,370,,
2024/12/13,20:32:29,false.,380,,
2024/12/13,20:32:33,false.,390,,
2024/12/13,20:32:37,false.,370,true,false
2024/12/13,20:32:42,false.,380,,
2024/12/13,20:32:46,false.,390,,
2024/12/13,20:32:50,false.,400,,
2024/12/13,20:32:54,false.,410,,
2024/12/13,20:32:59,false.,420,,
2024/12/13,20:33:03,false.,430,,
2024/12/13,20:33:07,false.,440,,
2024/12/13,20:33:11,false.,450,,
2024/12/13,20:33:16,false.,460,,
2024/12/13,20:33:20,false.,440,true,false
2024/12/13,20:33:24,false.,450,,
2024/12/13,20:33:29,false.,460,,
2024/12/13,20:33:33,false.,470,,
2024/12/13,20:33:37,false.,480,,
2024/12/13,20:33:42,true.,450,,
2024/12/13,20:33:46,true.,420,,
2024/12/13,20:33:50,true.,390,,
2024/12/13,20:33:55,true.,360,,
2024/12/13,20:34:00,true.,330,,
2024/12/13,20:34:04,false.,310,true,false
2024/12/13,20:34:08,false.,320,,
2024/12/13,20:34:13,false.,330,,
2024/12/13,20:34:17,false.,340,,
2024/12/13,20:34:21,false.,350,,
2024/12/13,20:34:26,false.,360,,
2024/12/13,20:34:30,false.,370,,
2024/12/13,20:34:35,false.,380,,
2024/12/13,20:34:39,false.,390,,
2024/12/13,20:34:43,false.,400,,
2024/12/13,20:34:48,false.,380,true,false
2024/12/13,20:34:52,true.,350,,
2024/12/13,20:34:57,true.,320,,
2024/12/13,20:35:01,true.,290,,
2024/12/13,20:35:05,true.,260,,
2024/12/13,20:35:10,true.,230,,
2024/12/13,20:35:14,false.,240,,
2024/12/13,20:35:19,true.,210,,
2024/12/13,20:35:23,true.,180,,
2024/12/13,20:35:27,true.,150,,
2024/12/13,20:35:32,false.,130,true,false
2024/12/13,20:35:36,true.,100,,
2024/12/13,20:35:41,false.,110,,
2024/12/13,20:35:45,false.,120,,
2024/12/13,20:35:49,false.,130,,
2024/12/13,20:35:53,false.,140,,
2024/12/13,20:35:58,false.,150,,
2024/12/13,20:36:02,false.,160,,
2024/12/13,20:36:06,false.,170,,
2024/12/13,20:36:10,false.,180,,
2024/12/13,20:36:15,false.,160,true,false
2024/12/13,20:36:19,true.,130,,
2024/12/13,20:36:23,true.,100,,
2024/12/13,20:36:28,true.,70,,
2024/12/13,20:36:32,true.,40,,
2024/12/13,20:36:37,false.,50,,
2024/12/13,20:36:41,false.,60,,
2024/12/13,20:36:45,false.,70,,
2024/12/13,20:36:50,false.,80,,
2024/12/13,20:36:54,false.,90,,
2024/12/13,20:36:58,false.,70,true,false
2024/12/13,20:37:03,true.,40,,
2024/12/13,20:37:07,false.,50,,
2024/12/13,20:37:11,true.,20,,
2024/12/13,20:37:16,false.,30,,
2024/12/13,20:37:20,false.,40,,
2024/12/13,20:37:25,false.,50,,
2024/12/13,20:37:29,false.,60,,
2024/12/13,20:37:33,false.,70,,
2024/12/13,20:37:38,false.,80,,
2024/12/13,20:37:42,false.,60,true,false
2024/12/13,20:37:46,false.,70,,
2024/12/13,20:37:51,false.,80,,
2024/12/13,20:37:55,false.,90,,
2024/12/13,20:38:00,false.,100,,
2024/12/13,20:38:04,false.,110,,
2024/12/13,20:38:08,false.,120,,
2024/12/13,20:38:13,false.,130,,
2024/12/13,20:38:17,false.,140,,
2024/12/13,20:38:21,false.,150,,
2024/12/13,20:38:26,false.,130,true,false
2024/12/13,20:38:30,false.,140,,
2024/12/13,20:38:35,false.,150,,
2024/12/13,20:38:39,false.,160,,
2024/12/13,20:38:43,false.,170,,
2024/12/13,20:38:48,false.,180,,
2024/12/13,20:38:52,false.,190,,
2024/12/13,20:38:56,false.,200,,
2024/12/13,20:39:01,false.,210,,
2024/12/13,20:39:05,false.,220,,
2024/12/13,20:39:09,false.,200,true,false
2024/12/13,20:39:14,true.,170,,
2024/12/13,20:39:18,true.,140,,
2024/12/13,20:39:22,true.,110,,
2024/12/13,20:39:27,true.,80,,
2024/12/13,20:39:31,true.,50,,
2024/12/13,20:39:36,false.,60,,
2024/12/13,20:39:40,false.,70,,
2024/12/13,20:39:45,false.,80,,
2024/12/13,20:39:49,false.,90,,
2024/12/13,20:39:53,true.,30,true,false
2024/12/13,20:39:57,false.,40,,
2024/12/13,20:40:02,true.,10,,
2024/12/13,20:40:06,true.,-20,,
2024/12/13,20:40:10,true.,-50,,
2024/12/13,20:40:15,true.,-80,,
2024/12/13,20:40:19,true.,-110,,
2024/12/13,20:40:24,false.,-100,,
2024/12/13,20:40:28,false.,-90,,
2024/12/13,20:40:33,false.,-80,,
2024/12/13,20:40:37,false.,-100,true,false
2024/12/13,20:40:41,false.,-90,,
2024/12/13,20:40:46,false.,-80,,
2024/12/13,20:40:50,false.,-70,,
2024/12/13,20:40:55,false.,-60,,
2024/12/13,20:40:59,true.,-90,,
2024/12/13,20:41:04,true.,-120,,
2024/12/13,20:41:08,true.,-150,,
2024/12/13,20:41:12,true.,-180,,
2024/12/13,20:41:17,true.,-210,,
2024/12/13,20:41:21,true.,-220,false,false
2024/12/13,20:41:26,true.,-250,,
2024/12/13,20:41:30,false.,-240,,
2024/12/13,20:41:35,false.,-230,,
2024/12/13,20:41:39,false.,-220,,
2024/12/13,20:41:43,false.,-210,,
2024/12/13,20:41:48,false.,-200,,
2024/12/13,20:41:52,false.,-190,,
2024/12/13,20:41:57,true.,-220,,
2024/12/13,20:42:01,false.,-210,,
2024/12/13,20:42:05,false.,-230,true,false
2024/12/13,20:42:10,false.,-220,,
2024/12/13,20:42:14,false.,-210,,
2024/12/13,20:42:19,true.,-240,,
2024/12/13,20:42:23,true.,-270,,
2024/12/13,20:42:27,true.,-300,,
2024/12/13,20:42:32,true.,-330,,
2024/12/13,20:42:36,true.,-360,,
2024/12/13,20:42:41,false.,-350,,
2024/12/13,20:42:46,false.,-340,,
2024/12/13,20:42:50,false.,-360,true,false
2024/12/13,20:42:54,false.,-350,,
2024/12/13,20:42:58,false.,-340,,
2024/12/13,20:43:03,false.,-330,,
2024/12/13,20:43:07,false.,-320,,
2024/12/13,20:43:12,false.,-310,,
2024/12/13,20:43:16,false.,-300,,
2024/12/13,20:43:20,false.,-290,,
2024/12/13,20:43:25,false.,-280,,
2024/12/13,20:43:29,false.,-270,,
2024/12/13,20:43:34,true.,-330,true,false
2024/12/13,20:43:38,false.,-320,,
2024/12/13,20:43:42,false.,-310,,
2024/12/13,20:43:47,false.,-300,,
2024/12/13,20:43:52,false.,-290,,
2024/12/13,20:43:56,false.,-280,,
2024/12/13,20:44:00,false.,-270,,
2024/12/13,20:44:05,false.,-260,,
2024/12/13,20:44:09,false.,-250,,
2024/12/13,20:44:14,false.,-240,,
2024/12/13,20:44:18,false.,-320,true,true
2024/12/13,20:44:22,false.,-310,,
2024/12/13,20:44:27,false.,-300,,
2024/12/13,20:44:31,false.,-290,,
2024/12/13,20:44:35,false.,-280,,
2024/12/13,20:44:40,false.,-270,,
2024/12/13,20:44:44,false.,-260,,
2024/12/13,20:44:49,false.,-250,,
2024/12/13,20:44:53,false.,-240,,
2024/12/13,20:44:57,false.,-230,,
2024/12/13,20:45:02,false.,-310,true,true
2024/12/13,20:45:06,false.,-300,,
2024/12/13,20:45:11,false.,-290,,
2024/12/13,20:45:15,false.,-280,,
2024/12/13,20:45:20,false.,-270,,
2024/12/13,20:45:24,false.,-260,,
2024/12/13,20:45:28,false.,-250,,
2024/12/13,20:45:33,false.,-240,,
2024/12/13,20:45:37,false.,-230,,
2024/12/13,20:45:41,false.,-220,,
2024/12/13,20:45:46,false.,-240,true,false
2024/12/13,20:45:50,false.,-230,,
2024/12/13,20:45:55,false.,-220,,
2024/12/13,20:45:59,false.,-210,,
2024/12/13,20:46:03,false.,-200,,
2024/12/13,20:46:07,false.,-190,,
2024/12/13,20:46:12,false.,-180,,
2024/12/13,20:46:16,false.,-170,,
2024/12/13,20:46:20,false.,-160,,
2024/12/13,20:46:25,false.,-150,,
2024/12/13,20:46:29,false.,-170,true,false
2024/12/13,20:46:34,false.,-160,,
2024/12/13,20:46:38,false.,-150,,
2024/12/13,20:46:42,false.,-140,,
2024/12/13,20:46:47,false.,-130,,
2024/12/13,20:46:51,false.,-120,,
2024/12/13,20:46:56,false.,-110,,
2024/12/13,20:47:00,false.,-100,,
2024/12/13,20:47:04,false.,-90,,
2024/12/13,20:47:09,false.,-80,,
2024/12/13,20:47:13,false.,-100,true,false
2024/12/13,20:47:17,false.,-90,,
2024/12/13,20:47:22,false.,-80,,
2024/12/13,20:47:26,false.,-70,,
2024/12/13,20:47:31,false.,-60,,
2024/12/13,20:47:35,false.,-50,,
2024/12/13,20:47:40,false.,-40,,
2024/12/13,20:47:44,false.,-30,,
2024/12/13,20:47:48,false.,-20,,
2024/12/13,20:47:53,false.,-10,,
2024/12/13,20:47:57,false.,-30,true,false
2024/12/13,20:48:02,false.,-20,,
2024/12/13,20:48:06,false.,-10,,
2024/12/13,20:48:10,false.,0,,
2024/12/13,20:48:14,false.,10,,
2024/12/13,20:48:19,false.,20,,
2024/12/13,20:48:23,false.,30,,
2024/12/13,20:48:27,false.,40,,
2024/12/13,20:48:32,false.,50,,
2024/12/13,20:48:36,false.,60,,
2024/12/13,20:48:41,false.,40,true,false
2024/12/13,20:48:45,false.,50,,
2024/12/13,20:48:49,false.,60,,
